DEBUG	

ConductoroneApi (SDK empty)
A2Ui (SDK empty)
C1ApiA2uiV1A2UiServiceCreateSurfaceFeedbackRequest (A2UIServiceCreateSurfaceFeedbackRequest: A2UIServiceCreateSurfaceFeedbackRequest, surface_id: string)
 A2UiServiceCreateSurfaceFeedbackRequest (conversationId: string, sentiment: enum, text: string)
  Sentiment (enum: A2UI_SURFACE_FEEDBACK_SENTIMENT_UNSPECIFIED, A2UI_SURFACE_FEEDBACK_SENTIMENT_POSITIVE, A2UI_SURFACE_FEEDBACK_SENTIMENT_NEGATIVE)
C1ApiA2uiV1A2UiServiceCreateSurfaceFeedbackResponse (A2UIServiceCreateSurfaceFeedbackResponse: A2UIServiceCreateSurfaceFeedbackResponse, ContentType: string, StatusCode: int32 ...)
 A2UiServiceCreateSurfaceFeedbackResponse (feedback: A2UISurfaceFeedback)
  A2UiSurfaceFeedback (actionName: string, componentsSnapshot: string, conversationId: string ...)
   A2UiSurfaceFeedbackSentiment (enum: A2UI_SURFACE_FEEDBACK_SENTIMENT_UNSPECIFIED, A2UI_SURFACE_FEEDBACK_SENTIMENT_POSITIVE, A2UI_SURFACE_FEEDBACK_SENTIMENT_NEGATIVE)
Security (bearerAuth: string, oauth: string)
C1ApiA2uiV1A2UiServiceListSurfaceFeedbackRequest (surface_id: string)
C1ApiA2uiV1A2UiServiceListSurfaceFeedbackResponse (A2UIServiceListSurfaceFeedbackResponse: A2UIServiceListSurfaceFeedbackResponse, ContentType: string, StatusCode: int32 ...)
 A2UiServiceListSurfaceFeedbackResponse (feedback: array)
C1ApiA2uiV1A2UiServiceListSurfacesRequest (conversation_id: string)
C1ApiA2uiV1A2UiServiceListSurfacesResponse (A2UIServiceListSurfacesResponse: A2UIServiceListSurfacesResponse, ContentType: string, StatusCode: int32 ...)
 A2UiServiceListSurfacesResponse (surfaces: array)
   A2UiSurface (catalogId: string, components: array, conversationId: string ...)
     A2UiComponent (button: ButtonComponent, c1Chart: C1ChartComponent, c1CodeBlock: C1CodeBlockComponent ...)
      ButtonComponent (action: A2UIAction, checks: array, disabled: DynamicBool ...)
       A2UiAction (event: ServerEvent, functionCall: FunctionCall)
        ServerEvent (context: map, name: string)
        FunctionCall (args: map, call: string, message: string)
        ValidationCheck (and: AndCheck, call: FunctionCall, or: OrCheck)
         AndCheck (checks: array)
            OrCheck (checks: array)
       DynamicBool (call: FunctionCall, literal: boolean, path: string)
       DynamicString (call: FunctionCall, literal: string, path: string)
       Variant (enum: BUTTON_VARIANT_UNSPECIFIED, BUTTON_VARIANT_PRIMARY, BUTTON_VARIANT_SECONDARY ...)
      C1ChartComponent (artifactUrl: DynamicString, categorical: C1ChartCategoricalData, sources: array ...)
       C1ChartCategoricalData (slices: array, style: enum)
         C1ChartSlice (label: string, value: number)
        Style (enum: C1_CHART_CATEGORICAL_STYLE_UNSPECIFIED, C1_CHART_CATEGORICAL_STYLE_PIE, C1_CHART_CATEGORICAL_STYLE_DONUT)
        C1ChartSource (count: integer, kind: string, label: string ...)
       C1ChartTimeSeriesData (range: C1ChartTimeRange, series: array, style: enum)
        C1ChartTimeRange (end: date-time, label: string, start: date-time)
         C1ChartSeries (displayName: string, key: string, points: array)
           C1ChartPoint (ts: date-time, value: number)
        C1ChartTimeSeriesDataStyle (enum: C1_CHART_TIME_SERIES_STYLE_UNSPECIFIED, C1_CHART_TIME_SERIES_STYLE_LINE, C1_CHART_TIME_SERIES_STYLE_STACKED_BAR ...)
      C1CodeBlockComponent (code: DynamicString, copyable: boolean, language: DynamicString ...)
      C1ConnectorConfigFormComponent (appId: string, connectorId: string, skipActionName: string ...)
      C1ConnectorSyncDetailComponent (appId: string, connectorId: string, title: string)
      C1ConnectorSyncProgressComponent (appId: string, connectorId: string, title: string)
      C1DurationPickerComponent (label: DynamicString, maxDurationSeconds: DynamicNumber, value: DynamicNumber)
       DynamicNumber (call: FunctionCall, literal: number, path: string)
      C1MsTeamsNotificationsComponent (empty)
      C1OnboardingPlanComponent (categories: array)
        C1OnboardingPlanCategory (id: string, steps: array, title: string)
          C1OnboardingPlanStep (agentAssisted: boolean, description: string, id: string ...)
      C1OnboardingWelcomeComponent (recommendedCatalogId: string, recommendedDisplayName: string)
      C1ResourcePickerComponent (appId: string, connectorId: string, label: DynamicString ...)
      C1SlackNotificationsComponent (empty)
      C1StatusIndicatorComponent (message: DynamicString, showSpinner: DynamicBool, status: DynamicString ...)
      C1TodoListComponent (items: array, title: DynamicString)
        C1TodoItem (description: DynamicString, id: string, label: DynamicString ...)
      CardComponent (children: ChildList)
       ChildList (ids: array)
      CheckBoxComponent (label: DynamicString, value: DynamicBool)
      ChoicePickerComponent (choices: array, hideLabel: boolean, label: DynamicString ...)
        Choice (description: DynamicString, id: string, label: DynamicString)
      ColumnComponent (alignment: string, children: ChildList, distribution: string ...)
      DateTimeInputComponent (inputType: enum, label: DynamicString, max: DynamicString ...)
       InputType (enum: DATE_TIME_INPUT_TYPE_UNSPECIFIED, DATE_TIME_INPUT_TYPE_DATE, DATE_TIME_INPUT_TYPE_TIME ...)
      DividerComponent (orientation: string)
      ProgressBarComponent (label: DynamicString, max: DynamicNumber, min: DynamicNumber ...)
      RowComponent (alignment: string, children: ChildList, distribution: string ...)
      SliderComponent (label: DynamicString, max: DynamicNumber, min: DynamicNumber ...)
      TextComponent (markdown: boolean, text: DynamicString)
      TextFieldComponent (checks: array, label: DynamicString, placeholder: DynamicString ...)
       TextFieldComponentVariant (enum: TEXT_FIELD_VARIANT_UNSPECIFIED, TEXT_FIELD_VARIANT_SHORT_TEXT, TEXT_FIELD_VARIANT_LONG_TEXT ...)
    A2UiSurfaceRole (enum: SURFACE_ROLE_UNSPECIFIED, SURFACE_ROLE_PRIMARY, SURFACE_ROLE_STATUS ...)
    State (enum: SURFACE_LIFECYCLE_STATE_UNSPECIFIED, SURFACE_LIFECYCLE_STATE_ACTIVE, SURFACE_LIFECYCLE_STATE_COMPLETE ...)
C1ApiA2uiV1A2UiServiceSubmitActionRequest (A2UIServiceSubmitActionRequest: A2UIServiceSubmitActionRequest, surface_id: string)
 A2UiServiceSubmitActionRequest (actionName: string, clientTimestamp: date-time, context: map ...)
C1ApiA2uiV1A2UiServiceSubmitActionResponse (A2UIServiceSubmitActionResponse: A2UIServiceSubmitActionResponse, ContentType: string, StatusCode: int32 ...)
 A2UiServiceSubmitActionResponse (accepted: boolean, errorMessage: string)
AccessReview (SDK empty)
AccessReviewServiceCreateRequest (completionDate: date-time, description: string, displayName: string ...)
 AccessReviewExpandMask (paths: array)
 NotificationConfig (sendClose: boolean, sendKickoff: boolean, sendReminders: boolean)
 AccessReviewServiceCreateRequestScopeType (enum: ACCESS_REVIEW_SCOPE_TYPE_UNSPECIFIED, ACCESS_REVIEW_SCOPE_TYPE_BY_ENTITLEMENTS, ACCESS_REVIEW_SCOPE_TYPE_BY_ACCESS_CONFLICTS ...)
 AccessReviewScopeV2 (accountCelExpression: CelExpressionScope, accountCriteria: AccountCriteriaScope, allAccessConflicts: AllAccessConflictsScope ...)
  CelExpressionScope (expression: string)
  AccountCriteriaScope (accountDomain: enum, accountTypes: array, appUserStatuses: array ...)
   AccountDomain (enum: APP_USER_DOMAIN_UNSPECIFIED, APP_USER_DOMAIN_EXTERNAL, APP_USER_DOMAIN_TRUSTED)
    AccountTypes (enum: APP_USER_TYPE_UNSPECIFIED, APP_USER_TYPE_USER, APP_USER_TYPE_SERVICE_ACCOUNT ...)
    AccountCriteriaScopeAppUserStatuses (enum: APP_USER_STATUS_UNSPECIFIED, APP_USER_STATUS_ENABLED, APP_USER_STATUS_DISABLED ...)
  AllAccessConflictsScope (empty)
  AllAccountsScope (empty)
  AllGrantsScope (empty)
  AllUsersScope (empty)
  ApplicationAccessScope (empty)
  AppSelectionCriteriaScope (complianceFrameworkAttributeValueIds: array, riskLevelAttributeValueIds: array)
  ResourceTypeSelectionScope (empty)
  SpecificResourcesScope (empty)
  GrantsByCriteriaScope (accessProfileFilter: GrantAccessProfileFilter, daysSinceAdded: string, daysSinceLastUsed: string ...)
   GrantAccessProfileFilter (excludedAccessProfileIds: array, filterType: enum, includedAccessProfileIds: array)
    FilterType (enum: ACCESS_PROFILE_FILTER_TYPE_UNSPECIFIED, ACCESS_PROFILE_FILTER_TYPE_INCLUDE_ALL, ACCESS_PROFILE_FILTER_TYPE_EXCLUDE_ALL ...)
   GrantsAddedBetween (endDate: date-time, startDate: date-time)
   SourceFilter (enum: GRANT_SOURCE_FILTER_UNSPECIFIED, GRANT_SOURCE_FILTER_DIRECT, GRANT_SOURCE_FILTER_INHERITED)
   TypeFilter (enum: GRANT_FILTER_TYPE_UNSPECIFIED, GRANT_FILTER_TYPE_PERMANENT, GRANT_FILTER_TYPE_TEMPORARY)
  PrincipalTypeFilter (enum: PRINCIPAL_TYPE_FILTER_UNSPECIFIED, PRINCIPAL_TYPE_FILTER_USERS, PRINCIPAL_TYPE_FILTER_RESOURCES ...)
  ResourceSelectionScope (empty)
  ScopeRoleSelectionScope (empty)
  SelectedUsersScope (userIds: array)
  SpecificAccessConflictsScope (empty)
  UserCriteriaScope (groupAppEntitlementsRef: array, managerUserIds: array, multiUserProfileAttributes: map ...)
    AppEntitlementRef (appId: string, id: string)
    IncludedUserAttributeValues (values: array)
      IncludedUserAttributeValue (value: string)
    UserStatus (enum: UNKNOWN, ENABLED, DISABLED ...)
C1ApiAccessreviewV1AccessReviewServiceCreateResponse (AccessReviewServiceCreateResponse: AccessReviewServiceCreateResponse, ContentType: string, StatusCode: int32 ...)
 AccessReviewServiceCreateResponse (accessReview: AccessReviewView, expanded: array)
  AccessReviewView (accessReview: AccessReview, createdByUserPath: string, objectPermissions: ActorObjectPermissions ...)
   AccessReview (accessReviewTemplateId: string, accuracyIssueAction: enum, autoCloseCampaign: boolean ...)
    AccuracyIssueAction (enum: ACCURACY_ISSUE_ACTION_UNSPECIFIED, ACCURACY_ISSUE_ACTION_CONTINUE, ACCURACY_ISSUE_ACTION_WAIT)
    AutoCloseDecision (enum: CLOSE_DECISION_UNSPECIFIED, CLOSE_DECISION_REVOKED, CLOSE_DECISION_SKIP ...)
    BindingObjectSetup (empty)
    CampaignHealthSnapshot (checkedAt: date-time, phantomLockedCount: int32)
    CampaignInsights (markdown: string)
    AccessReviewColumnConfig (columns: array)
      Columns (enum: ACCESS_REVIEW_TASK_COLUMN_UNSPECIFIED, ACCESS_REVIEW_TASK_COLUMN_VIEW_LINK, ACCESS_REVIEW_TASK_COLUMN_CURRENT_STATE ...)
    DefaultView (enum: ACCESS_REVIEW_VIEW_TYPE_UNSPECIFIED, ACCESS_REVIEW_VIEW_TYPE_BY_APP, ACCESS_REVIEW_VIEW_TYPE_BY_USER ...)
    ErrorState (enum: ACCESS_REVIEW_ERROR_STATE_UNSPECIFIED, ACCESS_REVIEW_ERROR_STATE_SELECTION_QUOTA_EXCEED_ERROR)
    AccessReviewExclusionScope (appUserStatuses: array, appUserTypes: array)
      AppUserStatuses (enum: APP_USER_STATUS_UNSPECIFIED, APP_USER_STATUS_ENABLED, APP_USER_STATUS_DISABLED ...)
      AppUserTypes (enum: APP_USER_TYPE_UNSPECIFIED, APP_USER_TYPE_USER, APP_USER_TYPE_SERVICE_ACCOUNT ...)
    AccessReviewInclusionScope (appUserStatuses: array, appUserTypes: array, managerIds: array ...)
      AccessReviewInclusionScopeAppUserStatuses (enum: APP_USER_STATUS_UNSPECIFIED, APP_USER_STATUS_ENABLED, APP_USER_STATUS_DISABLED ...)
      AccessReviewInclusionScopeAppUserTypes (enum: APP_USER_TYPE_UNSPECIFIED, APP_USER_TYPE_USER, APP_USER_TYPE_SERVICE_ACCOUNT ...)
      UserStatuses (enum: USER_UNKNOWN, USER_ENABLED, USER_DISABLED ...)
    MultiAppSetup (appEntitlementDetails: map, appEntitlements: map)
      EntitlementToDetails (entitlementDetails: map)
        CampaignEntitlementDetails (appId: string, entitlementId: string, policyId: string)
      MultiAppEntitlement (appId: string, entitlementIds: array)
    ReviewerAttributeConfig (bindings: array)
      ReviewerAttributeBinding (appId: string, attributeKey: string)
    AccessReviewScope (appUserStatuses: array, appUserTypes: array)
      AccessReviewScopeAppUserStatuses (enum: APP_USER_STATUS_UNSPECIFIED, APP_USER_STATUS_ENABLED, APP_USER_STATUS_DISABLED ...)
      AccessReviewScopeAppUserTypes (enum: APP_USER_TYPE_UNSPECIFIED, APP_USER_TYPE_USER, APP_USER_TYPE_SERVICE_ACCOUNT ...)
    ScopeType (enum: ACCESS_REVIEW_SCOPE_TYPE_UNSPECIFIED, ACCESS_REVIEW_SCOPE_TYPE_BY_ENTITLEMENTS, ACCESS_REVIEW_SCOPE_TYPE_BY_ACCESS_CONFLICTS ...)
    ReviewSignatureConfig (meaningOfSignature: string, requireSignature: boolean, stepUpProviderId: string ...)
    SingleAppSetup (appId: string)
    AccessReviewState (enum: ACCESS_REVIEW_STATE_UNSPECIFIED, ACCESS_REVIEW_STATE_OPEN, ACCESS_REVIEW_STATE_CLOSED ...)
   ActorObjectPermissions (delete: boolean, edit: boolean, extra: map ...)
   Expanded (@type: string, AdditionalProperties: map)
C1ApiAccessreviewV1AccessReviewServiceDeleteRequest (AccessReviewServiceDeleteRequest: AccessReviewServiceDeleteRequest, id: string)
 AccessReviewServiceDeleteRequest (empty)
C1ApiAccessreviewV1AccessReviewServiceDeleteResponse (AccessReviewServiceDeleteResponse: AccessReviewServiceDeleteResponse, ContentType: string, StatusCode: int32 ...)
 AccessReviewServiceDeleteResponse (empty)
C1ApiAccessreviewV1AccessReviewServiceGetRequest (id: string)
C1ApiAccessreviewV1AccessReviewServiceGetResponse (AccessReviewServiceGetResponse: AccessReviewServiceGetResponse, ContentType: string, StatusCode: int32 ...)
 AccessReviewServiceGetResponse (accessReview: AccessReviewView, expanded: array)
   AccessReviewServiceGetResponseExpanded (@type: string, AdditionalProperties: map)
C1ApiAccessreviewV1AccessReviewServiceListRequest (page_size: int32, page_token: string)
C1ApiAccessreviewV1AccessReviewServiceListResponse (AccessReviewServiceListResponse: AccessReviewServiceListResponse, ContentType: string, StatusCode: int32 ...)
 AccessReviewServiceListResponse (expanded: array, list: array, nextPageToken: string)
   AccessReviewServiceListResponseExpanded (@type: string, AdditionalProperties: map)
C1ApiAccessreviewV1AccessReviewServiceUpdateRequest (AccessReviewServiceUpdateRequest: AccessReviewServiceUpdateRequest, id: string)
 AccessReviewServiceUpdateRequest (accessReview: AccessReview_input, expandMask: AccessReviewExpandMask, updateMask: string)
  AccessReviewInput (accessReviewTemplateId: string, accuracyIssueAction: enum, autoCloseCampaign: boolean ...)
C1ApiAccessreviewV1AccessReviewServiceUpdateResponse (AccessReviewServiceUpdateResponse: AccessReviewServiceUpdateResponse, ContentType: string, StatusCode: int32 ...)
 AccessReviewServiceUpdateResponse (accessReview: AccessReviewView, expanded: array)
   AccessReviewServiceUpdateResponseExpanded (@type: string, AdditionalProperties: map)
AccessReviewSetupEntitlement (SDK empty)
C1ApiAccessreviewV1AccessReviewSetupEntitlementServiceGetCampaignScopeAndEntitlementsRequest (access_review_id: string)
C1ApiAccessreviewV1AccessReviewSetupEntitlementServiceGetCampaignScopeAndEntitlementsResponse (AccessReviewSetupEntitlementAndScopeServiceSetResponse: AccessReviewSetupEntitlementAndScopeServiceSetResponse, ContentType: string, StatusCode: int32 ...)
 AccessReviewSetupEntitlementAndScopeServiceSetResponse (expanded: array, list: array, scopeV2: AccessReviewScopeV2)
   AccessReviewSetupEntitlementAndScopeServiceSetResponseExpanded (@type: string, AdditionalProperties: map)
   AccessReviewSetupEntitlementView (accessReviewEntitlement: AccessReviewSetupEntitlement, appPath: string, entitlementPath: string ...)
    AccessReviewSetupEntitlement (accessReviewId: string, appEntitlementId: string, appId: string ...)
C1ApiAccessreviewV1AccessReviewSetupEntitlementServiceSetCampaignScopeAndEntitlementsRequest (AccessReviewSetupEntitlementAndScopeServiceSetRequest: AccessReviewSetupEntitlementAndScopeServiceSetRequest, access_review_id: string)
 AccessReviewSetupEntitlementAndScopeServiceSetRequest (entitlements: array, expandMask: AccessReviewSetupEntitlementExpandMask, scopeV2: AccessReviewScopeV2)
   AccessReviewSetupEntitlementInput (appEntitlementId: string, appId: string)
  AccessReviewSetupEntitlementExpandMask (paths: array)
C1ApiAccessreviewV1AccessReviewSetupEntitlementServiceSetCampaignScopeAndEntitlementsResponse (AccessReviewSetupEntitlementAndScopeServiceSetResponse: AccessReviewSetupEntitlementAndScopeServiceSetResponse, ContentType: string, StatusCode: int32 ...)
C1ApiAccessreviewV1AccessReviewSetupEntitlementServiceSetCampaignScopeByResourceTypeRequest (AccessReviewSetScopeByResourceTypeRequest: AccessReviewSetScopeByResourceTypeRequest, access_review_id: string)
 AccessReviewSetScopeByResourceTypeRequest (resourceTypeSelections: array, scopeV2: AccessReviewScopeV2)
   ResourceTypeIdRef (appId: string, resourceTypeId: string)
C1ApiAccessreviewV1AccessReviewSetupEntitlementServiceSetCampaignScopeByResourceTypeResponse (AccessReviewSetScopeByResourceTypeResponse: AccessReviewSetScopeByResourceTypeResponse, ContentType: string, StatusCode: int32 ...)
 AccessReviewSetScopeByResourceTypeResponse (empty)
AccessReviewTemplate (SDK empty)
AccessReviewTemplateServiceCreateRequest (accessReviewDuration: string, accuracyIssueAction: enum, annotations: map ...)
 AccessReviewTemplateServiceCreateRequestAccuracyIssueAction (enum: ACCURACY_ISSUE_ACTION_UNSPECIFIED, ACCURACY_ISSUE_ACTION_CONTINUE, ACCURACY_ISSUE_ACTION_WAIT)
 AccessReviewTemplateServiceCreateRequestAutoCloseDecision (enum: CLOSE_DECISION_UNSPECIFIED, CLOSE_DECISION_REVOKED, CLOSE_DECISION_SKIP ...)
 AccessReviewTemplateServiceCreateRequestDefaultView (enum: ACCESS_REVIEW_VIEW_TYPE_UNSPECIFIED, ACCESS_REVIEW_VIEW_TYPE_BY_APP, ACCESS_REVIEW_VIEW_TYPE_BY_USER ...)
 RecurrenceRule (endDate: date-time, frequency: enum, interval: int32 ...)
  RecurrenceRuleFrequency (enum: FREQUENCY_UNSPECIFIED, FREQUENCY_NONE, FREQUENCY_DAILY ...)
 AccessReviewTemplateServiceCreateRequestScopeType (enum: ACCESS_REVIEW_SCOPE_TYPE_UNSPECIFIED, ACCESS_REVIEW_SCOPE_TYPE_BY_ENTITLEMENTS, ACCESS_REVIEW_SCOPE_TYPE_BY_ACCESS_CONFLICTS ...)
C1ApiAccessreviewV1AccessReviewTemplateServiceCreateResponse (AccessReviewTemplateServiceCreateResponse: AccessReviewTemplateServiceCreateResponse, ContentType: string, StatusCode: int32 ...)
 AccessReviewTemplateServiceCreateResponse (accessReviewTemplate: AccessReviewTemplate)
  AccessReviewTemplate (accessReviewDuration: string, accuracyIssueAction: enum, annotations: map ...)
   AccessReviewTemplateAccuracyIssueAction (enum: ACCURACY_ISSUE_ACTION_UNSPECIFIED, ACCURACY_ISSUE_ACTION_CONTINUE, ACCURACY_ISSUE_ACTION_WAIT)
   AccessReviewTemplateAutoCloseDecision (enum: CLOSE_DECISION_UNSPECIFIED, CLOSE_DECISION_REVOKED, CLOSE_DECISION_SKIP ...)
   AccessReviewTemplateDefaultView (enum: ACCESS_REVIEW_VIEW_TYPE_UNSPECIFIED, ACCESS_REVIEW_VIEW_TYPE_BY_APP, ACCESS_REVIEW_VIEW_TYPE_BY_USER ...)
   AccessReviewTemplateScopeType (enum: ACCESS_REVIEW_SCOPE_TYPE_UNSPECIFIED, ACCESS_REVIEW_SCOPE_TYPE_BY_ENTITLEMENTS, ACCESS_REVIEW_SCOPE_TYPE_BY_ACCESS_CONFLICTS ...)
   SlackChannel (channelId: string, description: string, isChannelId: boolean ...)
C1ApiAccessreviewV1AccessReviewTemplateServiceDeleteRequest (AccessReviewTemplateServiceDeleteRequest: AccessReviewTemplateServiceDeleteRequest, id: string)
 AccessReviewTemplateServiceDeleteRequest (empty)
C1ApiAccessreviewV1AccessReviewTemplateServiceDeleteResponse (AccessReviewTemplateServiceDeleteResponse: AccessReviewTemplateServiceDeleteResponse, ContentType: string, StatusCode: int32 ...)
 AccessReviewTemplateServiceDeleteResponse (empty)
C1ApiAccessreviewV1AccessReviewTemplateServiceGetRequest (id: string)
C1ApiAccessreviewV1AccessReviewTemplateServiceGetResponse (AccessReviewTemplateServiceGetResponse: AccessReviewTemplateServiceGetResponse, ContentType: string, StatusCode: int32 ...)
 AccessReviewTemplateServiceGetResponse (accessReviewTemplate: AccessReviewTemplate)
C1ApiAccessreviewV1AccessReviewTemplateServiceUpdateRequest (AccessReviewTemplateServiceUpdateRequest: AccessReviewTemplateServiceUpdateRequest, id: string)
 AccessReviewTemplateServiceUpdateRequest (accessReviewTemplate: AccessReviewTemplate_input, updateMask: string)
  AccessReviewTemplateInput (accessReviewDuration: string, accuracyIssueAction: enum, annotations: map ...)
C1ApiAccessreviewV1AccessReviewTemplateServiceUpdateResponse (AccessReviewTemplateServiceUpdateResponse: AccessReviewTemplateServiceUpdateResponse, ContentType: string, StatusCode: int32 ...)
 AccessReviewTemplateServiceUpdateResponse (accessReviewTemplate: AccessReviewTemplate)
AccessReviewTemplateSetupEntitlement (SDK empty)
C1ApiAccessreviewV1AccessReviewTemplateSetupEntitlementServiceGetScopeAndEntitlementsRequest (access_review_template_id: string)
C1ApiAccessreviewV1AccessReviewTemplateSetupEntitlementServiceGetScopeAndEntitlementsResponse (AccessReviewTemplateSetupEntitlementServiceSetResponse: AccessReviewTemplateSetupEntitlementServiceSetResponse, ContentType: string, StatusCode: int32 ...)
 AccessReviewTemplateSetupEntitlementServiceSetResponse (expanded: array, list: array, scope: AccessReviewScopeV2)
   AccessReviewTemplateSetupEntitlementServiceSetResponseExpanded (@type: string, AdditionalProperties: map)
   AccessReviewTemplateSetupEntitlementView (accessReviewTemplateEntitlement: AccessReviewTemplateSetupEntitlement, appPath: string, entitlementPath: string ...)
    AccessReviewTemplateSetupEntitlement (accessReviewTemplateId: string, appEntitlementId: string, appId: string ...)
C1ApiAccessreviewV1AccessReviewTemplateSetupEntitlementServiceSetScopeAndEntitlementsRequest (AccessReviewTemplateSetupEntitlementServiceSetRequest: AccessReviewTemplateSetupEntitlementServiceSetRequest, access_review_template_id: string)
 AccessReviewTemplateSetupEntitlementServiceSetRequest (entitlements: array, expandMask: AccessReviewTemplateSetupEntitlementExpandMask, scope: AccessReviewScopeV2)
   AccessReviewTemplateSetupEntitlementInput (appEntitlementId: string, appId: string)
  AccessReviewTemplateSetupEntitlementExpandMask (paths: array)
C1ApiAccessreviewV1AccessReviewTemplateSetupEntitlementServiceSetScopeAndEntitlementsResponse (AccessReviewTemplateSetupEntitlementServiceSetResponse: AccessReviewTemplateSetupEntitlementServiceSetResponse, ContentType: string, StatusCode: int32 ...)
C1ApiAccessreviewV1AccessReviewTemplateSetupEntitlementServiceSetScopeByResourceTypeRequest (AccessReviewTemplateSetScopeByResourceTypeRequest: AccessReviewTemplateSetScopeByResourceTypeRequest, access_review_template_id: string)
 AccessReviewTemplateSetScopeByResourceTypeRequest (resourceTypeSelections: array, scope: AccessReviewScopeV2)
C1ApiAccessreviewV1AccessReviewTemplateSetupEntitlementServiceSetScopeByResourceTypeResponse (AccessReviewTemplateSetScopeByResourceTypeResponse: AccessReviewTemplateSetScopeByResourceTypeResponse, ContentType: string, StatusCode: int32 ...)
 AccessReviewTemplateSetScopeByResourceTypeResponse (empty)
AccessConflict (SDK empty)
ConflictMonitorCreateRequest (description: string, displayName: string, notificationConfig: AccessConflictNotificationConfig)
 AccessConflictNotificationConfig (emailNotifications: EmailNotifications, slackNotifications: SlackNotifications)
  EmailNotifications (enabled: boolean, identityUserIds: array)
  SlackNotifications (channelId: string, channelName: string, enabled: boolean)
C1ApiAccessconflictV1AccessConflictServiceCreateMonitorResponse (ConflictMonitor: ConflictMonitor, ContentType: string, StatusCode: int32 ...)
 ConflictMonitor (createdAt: date-time, deletedAt: date-time, description: string ...)
C1ApiAccessconflictV1AccessConflictServiceDeleteMonitorRequest (ConflictMonitorDeleteRequest: ConflictMonitorDeleteRequest, id: string)
 ConflictMonitorDeleteRequest (empty)
C1ApiAccessconflictV1AccessConflictServiceDeleteMonitorResponse (ConflictMonitorDeleteResponse: ConflictMonitorDeleteResponse, ContentType: string, StatusCode: int32 ...)
 ConflictMonitorDeleteResponse (empty)
C1ApiAccessconflictV1AccessConflictServiceGetMonitorRequest (id: string)
C1ApiAccessconflictV1AccessConflictServiceGetMonitorResponse (ConflictMonitor: ConflictMonitor, ContentType: string, StatusCode: int32 ...)
C1ApiAccessconflictV1AccessConflictServiceUpdateMonitorRequest (ConflictMonitorUpdateRequest: ConflictMonitorUpdateRequest, id: string)
 ConflictMonitorUpdateRequest (description: string, displayName: string, negateGroupB: boolean ...)
C1ApiAccessconflictV1AccessConflictServiceUpdateMonitorResponse (ConflictMonitor: ConflictMonitor, ContentType: string, StatusCode: int32 ...)
AppUser (SDK empty)
C1ApiAppV1AppUserServiceListRequest (app_id: string, page_size: int32, page_token: string)
C1ApiAppV1AppUserServiceListResponse (AppUserServiceListResponse: AppUserServiceListResponse, ContentType: string, StatusCode: int32 ...)
 AppUserServiceListResponse (expanded: array, list: array, nextPageToken: string)
   AppUserServiceListResponseExpanded (@type: string, AdditionalProperties: map)
   AppUserView (appPath: string, appUser: AppUser, identityUserPath: string ...)
    AppUser (appId: string, appUserType: enum, createdAt: date-time ...)
     AppUserType (enum: APP_USER_TYPE_UNSPECIFIED, APP_USER_TYPE_USER, APP_USER_TYPE_SERVICE_ACCOUNT ...)
     AppUserStatus (details: string, status: enum)
      AppUserStatusStatus (enum: STATUS_UNSPECIFIED, STATUS_ENABLED, STATUS_DISABLED ...)
C1ApiAppV1AppUserServiceListAppUserCredentialsRequest (app_id: string, app_user_id: string, page_size: int32 ...)
C1ApiAppV1AppUserServiceListAppUserCredentialsResponse (AppUserServiceListCredentialsResponse: AppUserServiceListCredentialsResponse, ContentType: string, StatusCode: int32 ...)
 AppUserServiceListCredentialsResponse (list: array, nextPageToken: string)
   AppUserCredential (appId: string, appUserId: string, createdAt: date-time ...)
    EncryptedData (description: string, encryptedBytes: string, keyId: string ...)
C1ApiAppV1AppUserServiceListAppUsersForUserRequest (app_id: string, page_size: int32, page_token: string ...)
C1ApiAppV1AppUserServiceListAppUsersForUserResponse (AppUsersForUserServiceListResponse: AppUsersForUserServiceListResponse, ContentType: string, StatusCode: int32 ...)
 AppUsersForUserServiceListResponse (expanded: array, list: array, nextPageToken: string)
   AppUsersForUserServiceListResponseExpanded (@type: string, AdditionalProperties: map)
ListOwnedServiceAccountsRequest (expandMask: AppUserExpandMask, pageSize: int32, pageToken: string)
 AppUserExpandMask (paths: array)
C1ApiAppV1AppUserServiceListOwnedServiceAccountsResponse (ContentType: string, ListOwnedServiceAccountsResponse: ListOwnedServiceAccountsResponse, StatusCode: int32 ...)
 ListOwnedServiceAccountsResponse (expanded: array, list: array, nextPageToken: string)
   ListOwnedServiceAccountsResponseExpanded (@type: string, AdditionalProperties: map)
AppUserServiceSearchRequest (appId: string, appIds: array, appUserDomains: array ...)
  AppUserDomains (enum: APP_USER_DOMAIN_UNSPECIFIED, APP_USER_DOMAIN_EXTERNAL, APP_USER_DOMAIN_TRUSTED)
  AppUserServiceSearchRequestAppUserStatuses (enum: STATUS_UNSPECIFIED, STATUS_ENABLED, STATUS_DISABLED ...)
  AppUserServiceSearchRequestAppUserTypes (enum: APP_USER_TYPE_UNSPECIFIED, APP_USER_TYPE_USER, APP_USER_TYPE_SERVICE_ACCOUNT ...)
  AppUserRef (appId: string, id: string)
 SortBy (enum: APP_USER_SEARCH_SORT_BY_UNSPECIFIED, APP_USER_SEARCH_SORT_BY_APP)
C1ApiAppV1AppUserServiceSearchResponse (AppUserServiceSearchResponse: AppUserServiceSearchResponse, ContentType: string, StatusCode: int32 ...)
 AppUserServiceSearchResponse (expanded: array, list: array, nextPageToken: string)
   AppUserServiceSearchResponseExpanded (@type: string, AdditionalProperties: map)
C1ApiAppV1AppUserServiceUpdateRequest (AppUserServiceUpdateRequest: AppUserServiceUpdateRequest, app_user_app_id: string, app_user_id: string)
 AppUserServiceUpdateRequest (appUser: AppUser_input, expandMask: AppUserExpandMask, updateMask: string)
  AppUserInput (appUserType: enum, status: AppUserStatus_input)
   AppUserStatusInput (empty)
C1ApiAppV1AppUserServiceUpdateResponse (AppUserServiceUpdateResponse: AppUserServiceUpdateResponse, ContentType: string, StatusCode: int32 ...)
 AppUserServiceUpdateResponse (appUserView: AppUserView, expanded: array)
   AppUserServiceUpdateResponseExpanded (@type: string, AdditionalProperties: map)
AppEntitlementMonitorBinding (SDK empty)
CreateAppEntitlementMonitorBindingRequest (appEntitlementId: string, appId: string, entitlementGroup: enum ...)
 CreateAppEntitlementMonitorBindingRequestEntitlementGroup (enum: ENTITLEMENT_GROUP_UNSPECIFIED, ENTITLEMENT_GROUP_A, ENTITLEMENT_GROUP_B)
C1ApiAccessconflictV1AppEntitlementMonitorBindingServiceCreateAppEntitlementMonitorBindingResponse (AppEntitlementMonitorBinding: AppEntitlementMonitorBinding, ContentType: string, StatusCode: int32 ...)
 AppEntitlementMonitorBinding (appEntitlementId: string, appId: string, createdAt: date-time ...)
  EntitlementGroup (enum: ENTITLEMENT_GROUP_UNSPECIFIED, ENTITLEMENT_GROUP_A, ENTITLEMENT_GROUP_B)
DeleteAppEntitlementMonitorBindingRequest (appEntitlementId: string, appId: string, entitlementGroup: enum ...)
 DeleteAppEntitlementMonitorBindingRequestEntitlementGroup (enum: ENTITLEMENT_GROUP_UNSPECIFIED, ENTITLEMENT_GROUP_A, ENTITLEMENT_GROUP_B)
C1ApiAccessconflictV1AppEntitlementMonitorBindingServiceDeleteAppEntitlementMonitorBindingResponse (ContentType: string, DeleteAppEntitlementMonitorBindingResponse: DeleteAppEntitlementMonitorBindingResponse, StatusCode: int32 ...)
 DeleteAppEntitlementMonitorBindingResponse (empty)
GetAppEntitlementMonitorBindingRequest (appEntitlementId: string, appId: string, entitlementGroup: enum ...)
 GetAppEntitlementMonitorBindingRequestEntitlementGroup (enum: ENTITLEMENT_GROUP_UNSPECIFIED, ENTITLEMENT_GROUP_A, ENTITLEMENT_GROUP_B)
C1ApiAccessconflictV1AppEntitlementMonitorBindingServiceGetAppEntitlementMonitorBindingResponse (AppEntitlementMonitorBinding: AppEntitlementMonitorBinding, ContentType: string, StatusCode: int32 ...)
Apps (SDK empty)
CreateAppRequest (annotations: map, appEntitlementOwnerRefs: array, certifyPolicyId: string ...)
 CreateAppRequestIdentityMatching (enum: APP_USER_IDENTITY_MATCHING_UNSPECIFIED, APP_USER_IDENTITY_MATCHING_STRICT, APP_USER_IDENTITY_MATCHING_DISPLAY_NAME ...)
C1ApiAppV1AppsCreateResponse (ContentType: string, CreateAppResponse: CreateAppResponse, StatusCode: int32 ...)
 CreateAppResponse (app: App)
  App (accessModel: enum, annotations: map, appAccountId: string ...)
   AccessModel (enum: APP_ACCESS_MODEL_UNSPECIFIED, APP_ACCESS_MODEL_CLASSIC, APP_ACCESS_MODEL_HYBRID ...)
    User (createdAt: date-time, delegatedUserId: string, deletedAt: date-time ...)
      UserAttributeMappingSource (appId: string, appUserId: string, appUserProfileAttributeKey: string ...)
     DirectoryStatus (enum: UNKNOWN, ENABLED, DISABLED ...)
     UserOrigin (enum: USER_ORIGIN_UNSPECIFIED, USER_ORIGIN_DIRECTORY, USER_ORIGIN_LOCAL ...)
     UserSchemasStatus (enum: UNKNOWN, ENABLED, DISABLED ...)
     UserType (enum: USER_TYPE_UNSPECIFIED, USER_TYPE_SYSTEM, USER_TYPE_HUMAN ...)
   AppUserMapper (appId: string, mappingCases: array)
     AppUserMapperMatchCase (appId: string, appUserKeyCel: string, caseIndex: integer ...)
   IdentityMatching (enum: APP_USER_IDENTITY_MATCHING_UNSPECIFIED, APP_USER_IDENTITY_MATCHING_STRICT, APP_USER_IDENTITY_MATCHING_DISPLAY_NAME ...)
C1ApiAppV1AppsDeleteRequest (DeleteAppRequest: DeleteAppRequest, id: string)
 DeleteAppRequest (empty)
C1ApiAppV1AppsDeleteResponse (ContentType: string, DeleteAppResponse: DeleteAppResponse, StatusCode: int32 ...)
 DeleteAppResponse (empty)
C1ApiAppV1AppsGetRequest (id: string)
C1ApiAppV1AppsGetResponse (ContentType: string, GetAppResponse: GetAppResponse, StatusCode: int32 ...)
 GetAppResponse (app: App)
C1ApiAppV1AppsListRequest (page_size: int32, page_token: string)
C1ApiAppV1AppsListResponse (ContentType: string, ListAppsResponse: ListAppsResponse, StatusCode: int32 ...)
 ListAppsResponse (list: array, nextPageToken: string)
C1ApiAppV1AppsUpdateRequest (UpdateAppRequest: UpdateAppRequest, id: string)
 UpdateAppRequest (app: App_input, updateMask: string)
  AppInput (accessModel: enum, annotations: map, appUserMapper: AppUserMapper_input ...)
   AppUserMapperInput (mappingCases: array)
     AppUserMapperMatchCaseInput (appUserKeyCel: string, userKeyCel: string)
C1ApiAppV1AppsUpdateResponse (ContentType: string, StatusCode: int32, RawResponse: response ...)
 UpdateAppResponse (app: App)
Connector (SDK empty)
C1ApiAppV1ConnectorServiceConfirmSyncValidRequest (ConfirmSyncValidRequest: ConfirmSyncValidRequest, app_id: string, connector_id: string ...)
 ConfirmSyncValidRequest (empty)
C1ApiAppV1ConnectorServiceConfirmSyncValidResponse (ConfirmSyncValidResponse: ConfirmSyncValidResponse, ContentType: string, StatusCode: int32 ...)
 ConfirmSyncValidResponse (empty)
C1ApiAppV1ConnectorServiceCreateRequest (ConnectorServiceCreateRequest: ConnectorServiceCreateRequest, app_id: string)
 ConnectorServiceCreateRequest (catalogId: string, config: class, description: string ...)
  ConnectorServiceCreateRequestConfig (@type: string, AdditionalProperties: map)
  ConnectorExpandMask (paths: array)
C1ApiAppV1ConnectorServiceCreateResponse (ConnectorServiceCreateResponse: ConnectorServiceCreateResponse, ContentType: string, StatusCode: int32 ...)
 ConnectorServiceCreateResponse (connectorView: ConnectorView, expanded: array)
  ConnectorView (appPath: string, capabilitiesPath: string, connector: Connector ...)
   Connector (appId: string, canResumeSync: boolean, catalogId: string ...)
    Config (@type: string, AdditionalProperties: map)
    ConnectorSyncCronSchedule (cronSpec: string, start: date-time, timezone: string)
    OAuth2AuthorizedAs (authEmail: string, authorizedAt: date-time)
    ConnectorStatus (completedAt: date-time, lastError: string, startedAt: date-time ...)
     ConnectorStatusStatus (enum: SYNC_STATUS_UNSPECIFIED, SYNC_STATUS_RUNNING, SYNC_STATUS_DONE ...)
    SyncConfig (syncResourceTypeIds: array)
   ConnectorServiceCreateResponseExpanded (@type: string, AdditionalProperties: map)
C1ApiAppV1ConnectorServiceCreateDelegatedRequest (ConnectorServiceCreateDelegatedRequest: ConnectorServiceCreateDelegatedRequest, app_id: string)
 ConnectorServiceCreateDelegatedRequest (appEntitlementOwnerRefs: array, appManagedStateBindingRef: AppManagedStateBindingRef, catalogId: string ...)
  AppManagedStateBindingRef (appId: string, resourceId: string, resourceTypeId: string)
C1ApiAppV1ConnectorServiceCreateDelegatedResponse (ConnectorServiceCreateResponse: ConnectorServiceCreateResponse, ContentType: string, StatusCode: int32 ...)
C1ApiAppV1ConnectorServiceDeleteRequest (ConnectorServiceDeleteRequest: ConnectorServiceDeleteRequest, app_id: string, id: string)
 ConnectorServiceDeleteRequest (empty)
C1ApiAppV1ConnectorServiceDeleteResponse (ConnectorServiceDeleteResponse: ConnectorServiceDeleteResponse, ContentType: string, StatusCode: int32 ...)
 ConnectorServiceDeleteResponse (empty)
C1ApiAppV1ConnectorServiceForceSyncRequest (ForceSyncRequest: ForceSyncRequest, app_id: string, connector_id: string)
 ForceSyncRequest (empty)
C1ApiAppV1ConnectorServiceForceSyncResponse (ContentType: string, ForceSyncResponse: ForceSyncResponse, StatusCode: int32 ...)
 ForceSyncResponse (empty)
C1ApiAppV1ConnectorServiceGetRequest (app_id: string, id: string)
C1ApiAppV1ConnectorServiceGetResponse (ConnectorServiceGetResponse: ConnectorServiceGetResponse, ContentType: string, StatusCode: int32 ...)
 ConnectorServiceGetResponse (connectorView: ConnectorView, expanded: array)
   ConnectorServiceGetResponseExpanded (@type: string, AdditionalProperties: map)
C1ApiAppV1ConnectorServiceGetConnectorSyncDownloadUrlRequest (app_id: string, connector_id: string, sync_id: string)
C1ApiAppV1ConnectorServiceGetConnectorSyncDownloadUrlResponse (ContentType: string, GetConnectorSyncDownloadURLResponse: GetConnectorSyncDownloadURLResponse, StatusCode: int32 ...)
 GetConnectorSyncDownloadUrlResponse (downloadUrl: string)
C1ApiAppV1ConnectorServiceGetCredentialsRequest (app_id: string, connector_id: string, id: string)
C1ApiAppV1ConnectorServiceGetCredentialsResponse (ConnectorServiceGetCredentialsResponse: ConnectorServiceGetCredentialsResponse, ContentType: string, StatusCode: int32 ...)
 ConnectorServiceGetCredentialsResponse (credential: ConnectorCredential)
  ConnectorCredential (appId: string, clientId: string, clientSecret: string ...)
C1ApiAppV1ConnectorServiceListRequest (app_id: string, page_size: int32, page_token: string)
C1ApiAppV1ConnectorServiceListResponse (ConnectorServiceListResponse: ConnectorServiceListResponse, ContentType: string, StatusCode: int32 ...)
 ConnectorServiceListResponse (expanded: array, list: array, nextPageToken: string)
   ConnectorServiceListResponseExpanded (@type: string, AdditionalProperties: map)
C1ApiAppV1ConnectorServicePauseSyncRequest (PauseSyncRequest: PauseSyncRequest, app_id: string, connector_id: string)
 PauseSyncRequest (empty)
C1ApiAppV1ConnectorServicePauseSyncResponse (ContentType: string, PauseSyncResponse: PauseSyncResponse, StatusCode: int32 ...)
 PauseSyncResponse (empty)
C1ApiAppV1ConnectorServiceResumeSyncRequest (ResumeSyncRequest: ResumeSyncRequest, app_id: string, connector_id: string)
 ResumeSyncRequest (empty)
C1ApiAppV1ConnectorServiceResumeSyncResponse (ContentType: string, ResumeSyncResponse: ResumeSyncResponse, StatusCode: int32 ...)
 ResumeSyncResponse (empty)
C1ApiAppV1ConnectorServiceRevokeCredentialRequest (ConnectorServiceRevokeCredentialRequest: ConnectorServiceRevokeCredentialRequest, app_id: string, connector_id: string ...)
 ConnectorServiceRevokeCredentialRequest (empty)
C1ApiAppV1ConnectorServiceRevokeCredentialResponse (ConnectorServiceRevokeCredentialResponse: ConnectorServiceRevokeCredentialResponse, ContentType: string, StatusCode: int32 ...)
 ConnectorServiceRevokeCredentialResponse (empty)
ConnectorServiceRotateCredentialRequest (appId: string, connectorId: string)
C1ApiAppV1ConnectorServiceRotateCredentialResponse (ConnectorServiceRotateCredentialResponse: ConnectorServiceRotateCredentialResponse, ContentType: string, StatusCode: int32 ...)
 ConnectorServiceRotateCredentialResponse (credential: ConnectorCredential)
C1ApiAppV1ConnectorServiceUpdateRequest (ConnectorServiceUpdateRequest: ConnectorServiceUpdateRequest, app_id: string, id: string)
 ConnectorServiceUpdateRequest (connector: Connector_input, expandMask: ConnectorExpandMask, updateMask: string)
  ConnectorInput (appId: string, canResumeSync: boolean, catalogId: string ...)
   OAuth2AuthorizedAsInput (empty)
C1ApiAppV1ConnectorServiceUpdateResponse (ConnectorServiceUpdateResponse: ConnectorServiceUpdateResponse, ContentType: string, StatusCode: int32 ...)
 ConnectorServiceUpdateResponse (connectorView: ConnectorView, expanded: array)
   ConnectorServiceUpdateResponseExpanded (@type: string, AdditionalProperties: map)
C1ApiAppV1ConnectorServiceUpdateConnectorScheduleRequest (UpdateConnectorScheduleRequest: UpdateConnectorScheduleRequest, app_id: string, connector_id: string)
 UpdateConnectorScheduleRequest (cron: ConnectorScheduleCron)
  ConnectorScheduleCron (cronSpec: string, timezone: string)
C1ApiAppV1ConnectorServiceUpdateConnectorScheduleResponse (ContentType: string, StatusCode: int32, RawResponse: response ...)
 UpdateConnectorScheduleResponse (empty)
C1ApiAppV1ConnectorServiceUpdateDelegatedRequest (ConnectorServiceUpdateDelegatedRequest: ConnectorServiceUpdateDelegatedRequest, connector_app_id: string, connector_id: string)
 ConnectorServiceUpdateDelegatedRequest (connector: Connector_input, expandMask: ConnectorExpandMask, updateMask: string)
C1ApiAppV1ConnectorServiceUpdateDelegatedResponse (ConnectorServiceUpdateResponse: ConnectorServiceUpdateResponse, ContentType: string, StatusCode: int32 ...)
EditorValidateRequest (text: string)
C1ApiAppV1ConnectorServiceValidateHttpConnectorConfigResponse (ContentType: string, EditorValidateResponse: EditorValidateResponse, StatusCode: int32 ...)
 EditorValidateResponse (markers: array)
   EditorMarker (endColumn: int32, endLineNumber: int32, message: string ...)
    EditorMarkerSeverity (enum: UNKNOWN, HINT, INFO ...)
AppAccessRequestsDefaults (SDK empty)
C1ApiAppV1AppAccessRequestsDefaultsServiceCancelAppAccessRequestsDefaultsRequest (CancelAccessRequestDefaultsRequest: CancelAccessRequestDefaultsRequest, app_id: string)
 CancelAccessRequestDefaultsRequest (empty)
C1ApiAppV1AppAccessRequestsDefaultsServiceCancelAppAccessRequestsDefaultsResponse (AppAccessRequestDefaults: AppAccessRequestDefaults, ContentType: string, StatusCode: int32 ...)
 AppAccessRequestDefaults (appId: string, catalogIds: array, defaultsEnabled: boolean ...)
  DurationUnset (empty)
  AppAccessRequestDefaultsState (enum: APP_ACCESS_REQUEST_DEFAULTS_LAST_APPLY_STATE_UNSPECIFIED, APP_ACCESS_REQUEST_DEFAULTS_LAST_APPLY_STATE_RUNNING, APP_ACCESS_REQUEST_DEFAULTS_LAST_APPLY_STATE_SUCCESS ...)
C1ApiAppV1AppAccessRequestsDefaultsServiceCreateAppAccessRequestsDefaultsRequest (AppAccessRequestDefaults: AppAccessRequestDefaults1, app_id: string)
 AppAccessRequestDefaults1 (catalogIds: array, defaultsEnabled: boolean, durationGrant: string ...)
C1ApiAppV1AppAccessRequestsDefaultsServiceCreateAppAccessRequestsDefaultsResponse (AppAccessRequestDefaults: AppAccessRequestDefaults, ContentType: string, StatusCode: int32 ...)
C1ApiAppV1AppAccessRequestsDefaultsServiceGetAppAccessRequestsDefaultsRequest (app_id: string)
C1ApiAppV1AppAccessRequestsDefaultsServiceGetAppAccessRequestsDefaultsResponse (AppAccessRequestDefaults: AppAccessRequestDefaults, ContentType: string, StatusCode: int32 ...)
McpTool (SDK empty)
C1ApiAiGovernanceV1McpToolServiceDeleteRequest (MCPToolServiceDeleteRequest: MCPToolServiceDeleteRequest, app_id: string, connector_id: string ...)
 McpToolServiceDeleteRequest (empty)
C1ApiAiGovernanceV1McpToolServiceDeleteResponse (ContentType: string, MCPToolServiceDeleteResponse: MCPToolServiceDeleteResponse, StatusCode: int32 ...)
 McpToolServiceDeleteResponse (empty)
C1ApiAiGovernanceV1McpToolServiceGetRequest (app_id: string, connector_id: string, id: string)
C1ApiAiGovernanceV1McpToolServiceGetResponse (ContentType: string, MCPToolServiceGetResponse: MCPToolServiceGetResponse, StatusCode: int32 ...)
 McpToolServiceGetResponse (tool: MCPTool)
  McpTool (allowedClientTypes: array, appEntitlementId: string, appId: string ...)
    McpToolAllowedClientTypes (enum: MCP_CLIENT_TYPE_UNSPECIFIED, MCP_CLIENT_TYPE_PERSONAL, MCP_CLIENT_TYPE_SHARED ...)
   Classification (enum: TOOL_CLASSIFICATION_UNSPECIFIED, TOOL_CLASSIFICATION_READ, TOOL_CLASSIFICATION_WRITE ...)
   DefaultClassification (enum: TOOL_CLASSIFICATION_UNSPECIFIED, TOOL_CLASSIFICATION_READ, TOOL_CLASSIFICATION_WRITE ...)
   DefaultVisibility (enum: TOOL_VISIBILITY_UNSPECIFIED, TOOL_VISIBILITY_FEATURED, TOOL_VISIBILITY_AVAILABLE ...)
   McpToolState (enum: MCP_TOOL_STATE_UNSPECIFIED, MCP_TOOL_STATE_PENDING_REVIEW, MCP_TOOL_STATE_APPROVED ...)
   Visibility (enum: TOOL_VISIBILITY_UNSPECIFIED, TOOL_VISIBILITY_FEATURED, TOOL_VISIBILITY_AVAILABLE ...)
C1ApiAiGovernanceV1McpToolServiceListRequest (app_id: string, connector_id: string, page_size: int32 ...)
C1ApiAiGovernanceV1McpToolServiceListResponse (ContentType: string, MCPToolServiceListResponse: MCPToolServiceListResponse, StatusCode: int32 ...)
 McpToolServiceListResponse (nextPageToken: string, tools: array)
C1ApiAiGovernanceV1McpToolServiceListHistoryRequest (app_id: string, connector_id: string, id: string ...)
C1ApiAiGovernanceV1McpToolServiceListHistoryResponse (ContentType: string, MCPToolServiceListHistoryResponse: MCPToolServiceListHistoryResponse, StatusCode: int32 ...)
 McpToolServiceListHistoryResponse (list: array, nextPageToken: string)
   McpToolHistoryEntry (metadata: HistoryEntryMetadata, snapshot: MCPTool)
    HistoryEntryMetadata (actor: HistoryActor, annotations: array, changeKind: enum ...)
     HistoryActor (kind: enum, userId: string)
      HistoryActorKind (enum: ACTOR_KIND_UNSPECIFIED, ACTOR_KIND_API, ACTOR_KIND_SLACK ...)
      HistoryAnnotation (displayLabel: string, displayUrl: string, displayValue: string ...)
       HistoryAnnotationKind (enum: ANNOTATION_KIND_UNSPECIFIED, ANNOTATION_KIND_GENERIC, ANNOTATION_KIND_TICKET ...)
     ChangeKind (enum: CHANGE_KIND_UNSPECIFIED, CHANGE_KIND_CREATE, CHANGE_KIND_PUT ...)
C1ApiAiGovernanceV1McpToolServiceSearchRequest (MCPToolServiceSearchRequest: MCPToolServiceSearchRequest, app_id: string, connector_id: string)
 McpToolServiceSearchRequest (accessProfileId: string, accessProfileIds: array, classificationFilter: array ...)
   ClassificationFilter (enum: TOOL_CLASSIFICATION_UNSPECIFIED, TOOL_CLASSIFICATION_READ, TOOL_CLASSIFICATION_WRITE ...)
   McpToolRef (appId: string, connectorId: string, id: string)
  McpToolServiceSearchRequestSortBy (enum: MCP_TOOL_SORT_BY_UNSPECIFIED, MCP_TOOL_SORT_BY_TOOL_NAME, MCP_TOOL_SORT_BY_VISIBILITY ...)
  SortDirection (enum: SORT_DIRECTION_UNSPECIFIED, SORT_DIRECTION_ASC, SORT_DIRECTION_DESC)
   StateFilter (enum: MCP_TOOL_STATE_UNSPECIFIED, MCP_TOOL_STATE_PENDING_REVIEW, MCP_TOOL_STATE_APPROVED ...)
   VisibilityFilter (enum: TOOL_VISIBILITY_UNSPECIFIED, TOOL_VISIBILITY_FEATURED, TOOL_VISIBILITY_AVAILABLE ...)
C1ApiAiGovernanceV1McpToolServiceSearchResponse (ContentType: string, MCPToolServiceSearchResponse: MCPToolServiceSearchResponse, StatusCode: int32 ...)
 McpToolServiceSearchResponse (list: array, nextPageToken: string)
C1ApiAiGovernanceV1McpToolServiceUpdateRequest (MCPToolServiceUpdateRequest: MCPToolServiceUpdateRequest, app_id: string, connector_id: string ...)
 McpToolServiceUpdateRequest (tool: MCPTool_input, updateMask: string)
  McpToolInput (allowedClientTypes: array, appEntitlementId: string, appId: string ...)
C1ApiAiGovernanceV1McpToolServiceUpdateResponse (ContentType: string, MCPToolServiceUpdateResponse: MCPToolServiceUpdateResponse, StatusCode: int32 ...)
 McpToolServiceUpdateResponse (tool: MCPTool)
McpAccessProfile (SDK empty)
C1ApiAiGovernanceV1McpAccessProfileServiceCreateRequest (MCPAccessProfileServiceCreateRequest: MCPAccessProfileServiceCreateRequest, app_id: string, connector_id: string)
 McpAccessProfileServiceCreateRequest (description: string, displayName: string)
C1ApiAiGovernanceV1McpAccessProfileServiceCreateResponse (ContentType: string, MCPAccessProfileServiceCreateResponse: MCPAccessProfileServiceCreateResponse, StatusCode: int32 ...)
 McpAccessProfileServiceCreateResponse (profile: MCPAccessProfile)
  McpAccessProfile (appEntitlementId: string, appId: string, connectorId: string ...)
C1ApiAiGovernanceV1McpAccessProfileServiceDeleteRequest (MCPAccessProfileServiceDeleteRequest: MCPAccessProfileServiceDeleteRequest, app_id: string, connector_id: string ...)
 McpAccessProfileServiceDeleteRequest (empty)
C1ApiAiGovernanceV1McpAccessProfileServiceDeleteResponse (ContentType: string, MCPAccessProfileServiceDeleteResponse: MCPAccessProfileServiceDeleteResponse, StatusCode: int32 ...)
 McpAccessProfileServiceDeleteResponse (empty)
C1ApiAiGovernanceV1McpAccessProfileServiceGetRequest (app_id: string, connector_id: string, id: string)
C1ApiAiGovernanceV1McpAccessProfileServiceGetResponse (ContentType: string, MCPAccessProfileServiceGetResponse: MCPAccessProfileServiceGetResponse, StatusCode: int32 ...)
 McpAccessProfileServiceGetResponse (profile: MCPAccessProfile)
C1ApiAiGovernanceV1McpAccessProfileServiceGetByAppEntitlementIdRequest (app_entitlement_id: string, app_id: string)
C1ApiAiGovernanceV1McpAccessProfileServiceGetByAppEntitlementIdResponse (ContentType: string, MCPAccessProfileServiceGetByAppEntitlementIdResponse: MCPAccessProfileServiceGetByAppEntitlementIdResponse, StatusCode: int32 ...)
 McpAccessProfileServiceGetByAppEntitlementIdResponse (profile: MCPAccessProfile)
C1ApiAiGovernanceV1McpAccessProfileServiceListRequest (app_id: string, connector_id: string, page_size: int32 ...)
C1ApiAiGovernanceV1McpAccessProfileServiceListResponse (ContentType: string, MCPAccessProfileServiceListResponse: MCPAccessProfileServiceListResponse, StatusCode: int32 ...)
 McpAccessProfileServiceListResponse (nextPageToken: string, profiles: array)
C1ApiAiGovernanceV1McpAccessProfileServiceListRequestableConnectorsRequest (user_id: string)
C1ApiAiGovernanceV1McpAccessProfileServiceListRequestableConnectorsResponse (ContentType: string, MCPAccessProfileServiceListRequestableConnectorsResponse: MCPAccessProfileServiceListRequestableConnectorsResponse, StatusCode: int32 ...)
 McpAccessProfileServiceListRequestableConnectorsResponse (connectors: array)
   RequestableConnector (appId: string, connectorId: string)
C1ApiAiGovernanceV1McpAccessProfileServiceSearchRequestableConnectorsRequest (grant_enrollment_status: enum, page_size: int32, page_token: string ...)
 GrantEnrollmentStatus (enum: GRANT_ENROLLMENT_STATUS_UNSPECIFIED, GRANT_ENROLLMENT_STATUS_FULLY_GRANTED, GRANT_ENROLLMENT_STATUS_NOT_GRANTED ...)
C1ApiAiGovernanceV1McpAccessProfileServiceSearchRequestableConnectorsResponse (ContentType: string, MCPAccessProfileServiceSearchRequestableConnectorsResponse: MCPAccessProfileServiceSearchRequestableConnectorsResponse, StatusCode: int32 ...)
 McpAccessProfileServiceSearchRequestableConnectorsResponse (list: array, nextPageToken: string)
   RequestableConnectorView (appId: string, connectorId: string, description: string ...)
C1ApiAiGovernanceV1McpAccessProfileServiceUpdateRequest (MCPAccessProfileServiceUpdateRequest: MCPAccessProfileServiceUpdateRequest, app_id: string, connector_id: string ...)
 McpAccessProfileServiceUpdateRequest (profile: MCPAccessProfile, updateMask: string)
C1ApiAiGovernanceV1McpAccessProfileServiceUpdateResponse (ContentType: string, MCPAccessProfileServiceUpdateResponse: MCPAccessProfileServiceUpdateResponse, StatusCode: int32 ...)
 McpAccessProfileServiceUpdateResponse (profile: MCPAccessProfile)
McpAccessProfileToolBinding (SDK empty)
C1ApiAiGovernanceV1McpAccessProfileToolBindingServiceCreateBindingsRequest (MCPAccessProfileToolBindingServiceCreateRequest: MCPAccessProfileToolBindingServiceCreateRequest, access_profile_id: string, app_id: string ...)
 McpAccessProfileToolBindingServiceCreateRequest (mcpToolIds: array)
C1ApiAiGovernanceV1McpAccessProfileToolBindingServiceCreateBindingsResponse (ContentType: string, MCPAccessProfileToolBindingServiceCreateResponse: MCPAccessProfileToolBindingServiceCreateResponse, StatusCode: int32 ...)
 McpAccessProfileToolBindingServiceCreateResponse (bindings: array)
   McpAccessProfileToolBinding (accessProfileId: string, appId: string, connectorId: string ...)
C1ApiAiGovernanceV1McpAccessProfileToolBindingServiceDeleteBindingsRequest (MCPAccessProfileToolBindingServiceDeleteRequest: MCPAccessProfileToolBindingServiceDeleteRequest, access_profile_id: string, app_id: string ...)
 McpAccessProfileToolBindingServiceDeleteRequest (mcpToolIds: array)
C1ApiAiGovernanceV1McpAccessProfileToolBindingServiceDeleteBindingsResponse (ContentType: string, MCPAccessProfileToolBindingServiceDeleteResponse: MCPAccessProfileToolBindingServiceDeleteResponse, StatusCode: int32 ...)
 McpAccessProfileToolBindingServiceDeleteResponse (empty)
C1ApiAiGovernanceV1McpAccessProfileToolBindingServiceGetAccessProfilesForToolsRequest (MCPAccessProfileToolBindingServiceGetAccessProfilesForToolsRequest: MCPAccessProfileToolBindingServiceGetAccessProfilesForToolsRequest, app_id: string, connector_id: string)
 McpAccessProfileToolBindingServiceGetAccessProfilesForToolsRequest (mcpToolIds: array)
C1ApiAiGovernanceV1McpAccessProfileToolBindingServiceGetAccessProfilesForToolsResponse (ContentType: string, MCPAccessProfileToolBindingServiceGetAccessProfilesForToolsResponse: MCPAccessProfileToolBindingServiceGetAccessProfilesForToolsResponse, StatusCode: int32 ...)
 McpAccessProfileToolBindingServiceGetAccessProfilesForToolsResponse (accessProfilesForTools: array)
   AccessProfilesForTool (accessProfiles: array, mcpToolId: string)
C1ApiAiGovernanceV1McpAccessProfileToolBindingServiceListRequest (access_profile_id: string, app_id: string, connector_id: string ...)
C1ApiAiGovernanceV1McpAccessProfileToolBindingServiceListResponse (ContentType: string, MCPAccessProfileToolBindingServiceListResponse: MCPAccessProfileToolBindingServiceListResponse, StatusCode: int32 ...)
 McpAccessProfileToolBindingServiceListResponse (bindings: array, nextPageToken: string)
C1ApiAiGovernanceV1McpAccessProfileToolBindingServiceListProfilesByToolHistoryRequest (app_id: string, connector_id: string, mcp_tool_id: string ...)
C1ApiAiGovernanceV1McpAccessProfileToolBindingServiceListProfilesByToolHistoryResponse (ContentType: string, MCPAccessProfileToolBindingServiceListProfilesByToolHistoryResponse: MCPAccessProfileToolBindingServiceListProfilesByToolHistoryResponse, StatusCode: int32 ...)
 McpAccessProfileToolBindingServiceListProfilesByToolHistoryResponse (list: array, nextPageToken: string)
   McpAccessProfileToolBindingHistoryEntry (items: array, metadata: ListHistoryEntryMetadata)
     McpAccessProfileToolBindingHistoryItem (changeKind: enum, listIndex: string)
      McpAccessProfileToolBindingHistoryItemChangeKind (enum: LIST_CHANGE_KIND_UNSPECIFIED, LIST_CHANGE_KIND_ADDED, LIST_CHANGE_KIND_REMOVED)
    ListHistoryEntryMetadata (actor: HistoryActor, annotations: array, createdAt: date-time ...)
C1ApiAiGovernanceV1McpAccessProfileToolBindingServiceListToolsByProfileHistoryRequest (access_profile_id: string, app_id: string, connector_id: string ...)
C1ApiAiGovernanceV1McpAccessProfileToolBindingServiceListToolsByProfileHistoryResponse (ContentType: string, MCPAccessProfileToolBindingServiceListToolsByProfileHistoryResponse: MCPAccessProfileToolBindingServiceListToolsByProfileHistoryResponse, StatusCode: int32 ...)
 McpAccessProfileToolBindingServiceListToolsByProfileHistoryResponse (list: array, nextPageToken: string)
AppEntitlementRoutingRule (SDK empty)
C1ApiAppV1AppEntitlementRoutingRuleServiceCreateAppEntitlementRoutingRuleRequest (CreateAppEntitlementRoutingRuleRequest: CreateAppEntitlementRoutingRuleRequest, app_id: string)
 CreateAppEntitlementRoutingRuleRequest (condition: string, description: string, displayName: string ...)
  AppEntitlementRoutingRuleSettings (emergencyGrantEnabled: boolean, emergencyGrantPolicyId: string, maxGrantDuration: string ...)
C1ApiAppV1AppEntitlementRoutingRuleServiceCreateAppEntitlementRoutingRuleResponse (ContentType: string, CreateAppEntitlementRoutingRuleResponse: CreateAppEntitlementRoutingRuleResponse, StatusCode: int32 ...)
 CreateAppEntitlementRoutingRuleResponse (routingRule: AppEntitlementRoutingRule)
  AppEntitlementRoutingRule (appId: string, condition: string, createdAt: date-time ...)
C1ApiAppV1AppEntitlementRoutingRuleServiceDeleteAppEntitlementRoutingRuleRequest (DeleteAppEntitlementRoutingRuleRequest: DeleteAppEntitlementRoutingRuleRequest, app_id: string, id: string)
 DeleteAppEntitlementRoutingRuleRequest (empty)
C1ApiAppV1AppEntitlementRoutingRuleServiceDeleteAppEntitlementRoutingRuleResponse (ContentType: string, DeleteAppEntitlementRoutingRuleResponse: DeleteAppEntitlementRoutingRuleResponse, StatusCode: int32 ...)
 DeleteAppEntitlementRoutingRuleResponse (empty)
C1ApiAppV1AppEntitlementRoutingRuleServiceGetAppEntitlementRoutingRuleRequest (app_id: string, id: string)
C1ApiAppV1AppEntitlementRoutingRuleServiceGetAppEntitlementRoutingRuleResponse (ContentType: string, GetAppEntitlementRoutingRuleResponse: GetAppEntitlementRoutingRuleResponse, StatusCode: int32 ...)
 GetAppEntitlementRoutingRuleResponse (routingRule: AppEntitlementRoutingRule)
C1ApiAppV1AppEntitlementRoutingRuleServiceListAppEntitlementRoutingRulesRequest (app_id: string)
C1ApiAppV1AppEntitlementRoutingRuleServiceListAppEntitlementRoutingRulesResponse (ContentType: string, ListAppEntitlementRoutingRulesResponse: ListAppEntitlementRoutingRulesResponse, StatusCode: int32 ...)
 ListAppEntitlementRoutingRulesResponse (list: array, nextPageToken: string)
C1ApiAppV1AppEntitlementRoutingRuleServiceReorderAppEntitlementRoutingRulesRequest (ReorderAppEntitlementRoutingRulesRequest: ReorderAppEntitlementRoutingRulesRequest, app_id: string)
 ReorderAppEntitlementRoutingRulesRequest (ruleIds: array)
C1ApiAppV1AppEntitlementRoutingRuleServiceReorderAppEntitlementRoutingRulesResponse (ContentType: string, ReorderAppEntitlementRoutingRulesResponse: ReorderAppEntitlementRoutingRulesResponse, StatusCode: int32 ...)
 ReorderAppEntitlementRoutingRulesResponse (list: array)
C1ApiAppV1AppEntitlementRoutingRuleServiceUpdateAppEntitlementRoutingRuleRequest (UpdateAppEntitlementRoutingRuleRequest: UpdateAppEntitlementRoutingRuleRequest, app_id: string, id: string)
 UpdateAppEntitlementRoutingRuleRequest (condition: string, description: string, displayName: string ...)
C1ApiAppV1AppEntitlementRoutingRuleServiceUpdateAppEntitlementRoutingRuleResponse (ContentType: string, StatusCode: int32, RawResponse: response ...)
 UpdateAppEntitlementRoutingRuleResponse (routingRule: AppEntitlementRoutingRule)
AppEntitlements (SDK empty)
C1ApiAppV1AppEntitlementsAddAutomationExclusionRequest (AddAutomationExclusionRequest: AddAutomationExclusionRequest, app_entitlement_id: string, app_id: string)
 AddAutomationExclusionRequest (userIds: array)
C1ApiAppV1AppEntitlementsAddAutomationExclusionResponse (AddAutomationExclusionResponse: AddAutomationExclusionResponse, ContentType: string, StatusCode: int32 ...)
 AddAutomationExclusionResponse (empty)
C1ApiAppV1AppEntitlementsAddManuallyManagedMembersRequest (AddManuallyManagedUsersRequest: AddManuallyManagedUsersRequest, app_entitlement_id: string, app_id: string)
 AddManuallyManagedUsersRequest (userIds: array)
C1ApiAppV1AppEntitlementsAddManuallyManagedMembersResponse (ContentType: string, ManuallyManagedUsersResponse: ManuallyManagedUsersResponse, StatusCode: int32 ...)
 ManuallyManagedUsersResponse (bulkActionId: string, failedUsersErrorMap: map)
C1ApiAppV1AppEntitlementsCreateRequest (CreateAppEntitlementRequest: CreateAppEntitlementRequest, app_id: string)
 CreateAppEntitlementRequest (alias: string, annotations: map, appEntitlementOwnerIds: array ...)
  CreateAppEntitlementRequestDurationUnset (empty)
  AppEntitlementExpandMask (paths: array)
  ProvisionPolicyInput (action: ActionProvision, connector: ConnectorProvision, delegated: DelegatedProvision ...)
   ActionProvision (actionName: string, appId: string, connectorId: string ...)
   ConnectorProvision (account: AccountProvision, defaultBehavior: DefaultBehavior, deleteAccount: DeleteAccount)
    AccountProvision (config: map, connectorId: string, doNotSave: DoNotSave ...)
     DoNotSave (empty)
     SaveToVault (vaultIds: array)
    DefaultBehavior (connectorId: string)
    DeleteAccount (connectorId: string)
   DelegatedProvision (appId: string, entitlementId: string, implicit: boolean)
   ExternalTicketProvision (appId: string, connectorId: string, externalTicketProvisionerConfigId: string ...)
   ManualProvision (assignee: ProvisionerAssignment, instructions: string, userIds: array)
    ProvisionerAssignment (appOwners: AppOwnerProvisioner, entitlementOwners: EntitlementOwnerProvisioner, expression: ExpressionProvisioner ...)
     AppOwnerProvisioner (allowReassignment: boolean, fallbackUserIds: array)
     EntitlementOwnerProvisioner (allowReassignment: boolean, fallbackUserIds: array)
     ExpressionProvisioner (allowReassignment: boolean, expressions: array, fallbackUserIds: array)
     GroupProvisioner (allowReassignment: boolean, appGroupId: string, appId: string ...)
     ManagerProvisioner (allowReassignment: boolean, fallbackUserIds: array)
     UserProvisioner (allowReassignment: boolean, userIds: array)
   MultiStep (provisionSteps: array)
     ProvisionPolicy (action: ActionProvision, connector: ConnectorProvision, delegated: DelegatedProvision ...)
      UnconfiguredProvision (empty)
      WebhookProvision (webhookId: string)
  CreateAppEntitlementRequestPurpose (enum: APP_ENTITLEMENT_PURPOSE_VALUE_UNSPECIFIED, APP_ENTITLEMENT_PURPOSE_VALUE_ASSIGNMENT, APP_ENTITLEMENT_PURPOSE_VALUE_PERMISSION ...)
C1ApiAppV1AppEntitlementsCreateResponse (ContentType: string, CreateAppEntitlementResponse: CreateAppEntitlementResponse, StatusCode: int32 ...)
 CreateAppEntitlementResponse (appEntitlementView: AppEntitlementView, expanded: array)
  AppEntitlementView (appEntitlement: AppEntitlement, appPath: string, appResourcePath: string ...)
   AppEntitlement (alias: string, annotations: map, appId: string ...)
    AppEntitlementDurationUnset (empty)
    Purpose (enum: APP_ENTITLEMENT_PURPOSE_VALUE_UNSPECIFIED, APP_ENTITLEMENT_PURPOSE_VALUE_ASSIGNMENT, APP_ENTITLEMENT_PURPOSE_VALUE_PERMISSION ...)
   CreateAppEntitlementResponseExpanded (@type: string, AdditionalProperties: map)
C1ApiAppV1AppEntitlementsCreateAutomationRequest (CreateAutomationRequest: CreateAutomationRequest, app_entitlement_id: string, app_id: string)
 CreateAutomationRequest (automation: AppEntitlementAutomation_input)
  AppEntitlementAutomationInput (basic: AppEntitlementAutomationRuleBasic, cel: AppEntitlementAutomationRuleCEL, description: string ...)
   AppEntitlementAutomationRuleBasic (expression: string)
   AppEntitlementAutomationRuleCel (expression: string)
   AppEntitlementAutomationRuleEntitlement (entitlementRefs: array)
   AppEntitlementAutomationLastRunStatusInput (empty)
   AppEntitlementAutomationRuleNone (empty)
C1ApiAppV1AppEntitlementsCreateAutomationResponse (ContentType: string, CreateAutomationResponse: CreateAutomationResponse, StatusCode: int32 ...)
 CreateAutomationResponse (automation: AppEntitlementAutomation)
  AppEntitlementAutomation (appEntitlementId: string, appId: string, basic: AppEntitlementAutomationRuleBasic ...)
   AppEntitlementAutomationLastRunStatus (errorMessage: string, lastCompletedAt: date-time, status: enum)
    AppEntitlementAutomationLastRunStatusStatus (enum: APP_ENTITLEMENT_AUTOMATION_RUN_STATUS_UNSPECIFIED, APP_ENTITLEMENT_AUTOMATION_RUN_STATUS_SUCCESS, APP_ENTITLEMENT_AUTOMATION_RUN_STATUS_FAILED ...)
C1ApiAppV1AppEntitlementsDeleteRequest (DeleteAppEntitlementRequest: DeleteAppEntitlementRequest, app_id: string, id: string)
 DeleteAppEntitlementRequest (empty)
C1ApiAppV1AppEntitlementsDeleteResponse (ContentType: string, DeleteAppEntitlementResponse: DeleteAppEntitlementResponse, StatusCode: int32 ...)
 DeleteAppEntitlementResponse (empty)
C1ApiAppV1AppEntitlementsDeleteAutomationRequest (DeleteAutomationRequest: DeleteAutomationRequest, app_entitlement_id: string, app_id: string)
 DeleteAutomationRequest (empty)
C1ApiAppV1AppEntitlementsDeleteAutomationResponse (ContentType: string, DeleteAutomationResponse: DeleteAutomationResponse, StatusCode: int32 ...)
 DeleteAutomationResponse (empty)
C1ApiAppV1AppEntitlementsGetRequest (app_id: string, id: string)
C1ApiAppV1AppEntitlementsGetResponse (ContentType: string, GetAppEntitlementResponse: GetAppEntitlementResponse, StatusCode: int32 ...)
 GetAppEntitlementResponse (appEntitlementView: AppEntitlementView, expanded: array)
   GetAppEntitlementResponseExpanded (@type: string, AdditionalProperties: map)
C1ApiAppV1AppEntitlementsGetAutomationRequest (app_entitlement_id: string, app_id: string)
C1ApiAppV1AppEntitlementsGetAutomationResponse (AppEntitlementServiceGetAutomationResponse: AppEntitlementServiceGetAutomationResponse, ContentType: string, StatusCode: int32 ...)
 AppEntitlementServiceGetAutomationResponse (AppEntitlementAutomation: AppEntitlementAutomation)
C1ApiAppV1AppEntitlementsListRequest (app_id: string, page_size: int32, page_token: string)
C1ApiAppV1AppEntitlementsListResponse (ContentType: string, ListAppEntitlementsResponse: ListAppEntitlementsResponse, StatusCode: int32 ...)
 ListAppEntitlementsResponse (expanded: array, list: array, nextPageToken: string)
   ListAppEntitlementsResponseExpanded (@type: string, AdditionalProperties: map)
C1ApiAppV1AppEntitlementsListAutomationExclusionsRequest (app_entitlement_id: string, app_id: string)
C1ApiAppV1AppEntitlementsListAutomationExclusionsResponse (ContentType: string, ListAutomationExclusionsResponse: ListAutomationExclusionsResponse, StatusCode: int32 ...)
 ListAutomationExclusionsResponse (list: array, nextPageToken: string)
   UserWithAppEntitlementUserBindingView (appEntitlementId: string, appId: string, appUserId: string ...)
C1ApiAppV1AppEntitlementsListForAppResourceRequest (app_id: string, app_resource_id: string, app_resource_type_id: string ...)
C1ApiAppV1AppEntitlementsListForAppResourceResponse (ContentType: string, ListAppEntitlementsResponse: ListAppEntitlementsResponse, StatusCode: int32 ...)
C1ApiAppV1AppEntitlementsListForAppUserRequest (app_id: string, app_user_id: string, page_size: int32 ...)
C1ApiAppV1AppEntitlementsListForAppUserResponse (ContentType: string, ListAppEntitlementsResponse: ListAppEntitlementsResponse, StatusCode: int32 ...)
C1ApiAppV1AppEntitlementsListUsersRequest (app_entitlement_id: string, app_id: string, page_size: int32 ...)
C1ApiAppV1AppEntitlementsListUsersResponse (ContentType: string, ListAppEntitlementUsersResponse: ListAppEntitlementUsersResponse, StatusCode: int32 ...)
 ListAppEntitlementUsersResponse (expanded: array, list: array, nextPageToken: string)
   ListAppEntitlementUsersResponseExpanded (@type: string, AdditionalProperties: map)
   AppEntitlementUserView (appEntitlementId: string, appEntitlementUserBindingCreatedAt: date-time, appEntitlementUserBindingDeprovisionAt: date-time ...)
C1ApiAppV1AppEntitlementsRemoveAutomationExclusionRequest (RemoveAutomationExclusionRequest: RemoveAutomationExclusionRequest, app_entitlement_id: string, app_id: string)
 RemoveAutomationExclusionRequest (userIds: array)
C1ApiAppV1AppEntitlementsRemoveAutomationExclusionResponse (ContentType: string, RemoveAutomationExclusionResponse: RemoveAutomationExclusionResponse, StatusCode: int32 ...)
 RemoveAutomationExclusionResponse (empty)
C1ApiAppV1AppEntitlementsRemoveEntitlementMembershipRequest (RemoveEntitlementMembershipRequest: RemoveEntitlementMembershipRequest, app_entitlement_id: string, app_id: string)
 RemoveEntitlementMembershipRequest (appUserId: string)
C1ApiAppV1AppEntitlementsRemoveEntitlementMembershipResponse (ContentType: string, RemoveEntitlementMembershipResponse: RemoveEntitlementMembershipResponse, StatusCode: int32 ...)
 RemoveEntitlementMembershipResponse (revokeTaskId: string)
C1ApiAppV1AppEntitlementsUpdateRequest (UpdateAppEntitlementRequest: UpdateAppEntitlementRequest, app_id: string, id: string)
 UpdateAppEntitlementRequest (entitlement: AppEntitlement_input, expandMask: AppEntitlementExpandMask, overrideAccessRequestsDefaults: boolean ...)
  AppEntitlementInput (alias: string, annotations: map, appId: string ...)
C1ApiAppV1AppEntitlementsUpdateResponse (ContentType: string, StatusCode: int32, RawResponse: response ...)
 UpdateAppEntitlementResponse (appEntitlementView: AppEntitlementView, expanded: array)
   UpdateAppEntitlementResponseExpanded (@type: string, AdditionalProperties: map)
C1ApiAppV1AppEntitlementsUpdateAutomationRequest (AppEntitlementServiceUpdateAutomationRequest: AppEntitlementServiceUpdateAutomationRequest, app_entitlement_id: string, app_id: string)
 AppEntitlementServiceUpdateAutomationRequest (basic: AppEntitlementAutomationRuleBasic, cel: AppEntitlementAutomationRuleCEL, description: string ...)
C1ApiAppV1AppEntitlementsUpdateAutomationResponse (AppEntitlementServiceUpdateAutomationResponse: AppEntitlementServiceUpdateAutomationResponse, ContentType: string, StatusCode: int32 ...)
 AppEntitlementServiceUpdateAutomationResponse (AppEntitlementAutomation: AppEntitlementAutomation)
AppEntitlementSearch (SDK empty)
AppEntitlementSearchServiceCountGrantsForUserByAppRequest (appIds: array, userId: string)
C1ApiAppV1AppEntitlementSearchServiceCountGrantsForUserByAppResponse (AppEntitlementSearchServiceCountGrantsForUserByAppResponse: AppEntitlementSearchServiceCountGrantsForUserByAppResponse, ContentType: string, StatusCode: int32 ...)
 AppEntitlementSearchServiceCountGrantsForUserByAppResponse (appCount: int32, appGrantCounts: array, appUsers: array ...)
   GraphAppGrantCount (appId: string, grantCount: integer)
  Band (enum: GRAPH_SIZE_BAND_UNSPECIFIED, GRAPH_SIZE_BAND_NORMAL, GRAPH_SIZE_BAND_SUMMARIZED ...)
AppEntitlementSearchServiceSearchRequest (accessReviewId: string, alias: string, appIds: array ...)
  MembershipType (enum: APP_ENTITLEMENT_MEMBERSHIP_TYPE_UNSPECIFIED, APP_ENTITLEMENT_MEMBERSHIP_TYPE_MEMBER, APP_ENTITLEMENT_MEMBERSHIP_TYPE_OWNER ...)
  PolicyRef (id: string)
C1ApiAppV1AppEntitlementSearchServiceSearchResponse (AppEntitlementSearchServiceSearchResponse: AppEntitlementSearchServiceSearchResponse, ContentType: string, StatusCode: int32 ...)
 AppEntitlementSearchServiceSearchResponse (expanded: array, facets: Facets, list: array ...)
   AppEntitlementSearchServiceSearchResponseExpanded (@type: string, AdditionalProperties: map)
  Facets (count: integer, facets: array)
    FacetCategory (displayName: string, iconUrl: string, param: string ...)
     FacetRangeItem (ranges: array)
       FacetRange (count: integer, displayName: string, from: integer ...)
     FacetValueItem (values: array)
       FacetValue (count: integer, displayName: string, iconUrl: string ...)
C1ApiAppV1AppEntitlementSearchServiceSearchAppEntitlementsForAppUserRequest (app_id: string, app_user_id: string, page_size: int32 ...)
C1ApiAppV1AppEntitlementSearchServiceSearchAppEntitlementsForAppUserResponse (ContentType: string, ListAppEntitlementsResponse: ListAppEntitlementsResponse, StatusCode: int32 ...)
C1ApiAppV1AppEntitlementSearchServiceSearchAppEntitlementsWithExpiredRequest (app_entitlement_id: string, app_id: string, page_size: int32 ...)
C1ApiAppV1AppEntitlementSearchServiceSearchAppEntitlementsWithExpiredResponse (ContentType: string, SearchAppEntitlementsWithExpiredResponse: SearchAppEntitlementsWithExpiredResponse, StatusCode: int32 ...)
 SearchAppEntitlementsWithExpiredResponse (list: array, nextPageToken: string)
   AppEntitlementWithExpired (appEntitlementId: string, appId: string, appUser: AppUser ...)
     GrantReason (appEntitlementId: string, appId: string, appUserId: string ...)
      ReferenceStrength (enum: GRANT_REASON_REFERENCE_STRENGTH_UNSPECIFIED, GRANT_REASON_REFERENCE_STRENGTH_WEAK, GRANT_REASON_REFERENCE_STRENGTH_STRONG)
AppEntitlementSearchServiceSearchGrantsRequest (appIds: array, appUserIds: array, entitlementRefs: array ...)
  AppEntitlementSearchServiceSearchGrantsRequestPurpose (enum: APP_ENTITLEMENT_PURPOSE_VALUE_UNSPECIFIED, APP_ENTITLEMENT_PURPOSE_VALUE_ASSIGNMENT, APP_ENTITLEMENT_PURPOSE_VALUE_PERMISSION ...)
C1ApiAppV1AppEntitlementSearchServiceSearchGrantsResponse (AppEntitlementSearchServiceSearchGrantsResponse: AppEntitlementSearchServiceSearchGrantsResponse, ContentType: string, StatusCode: int32 ...)
 AppEntitlementSearchServiceSearchGrantsResponse (expanded: array, list: array, nextPageToken: string)
   AppEntitlementSearchServiceSearchGrantsResponseExpanded (@type: string, AdditionalProperties: map)
   AppEntitlementWithUserBinding (appEntitlementUserBinding: AppEntitlementUserView, entitlement: AppEntitlementView)
AppEntitlementSearchServiceSearchGraphRequest (appId: string, appIds: array, entitlementIds: array ...)
C1ApiAppV1AppEntitlementSearchServiceSearchGraphResponse (AppEntitlementSearchServiceSearchGraphResponse: AppEntitlementSearchServiceSearchGraphResponse, ContentType: string, StatusCode: int32 ...)
 AppEntitlementSearchServiceSearchGraphResponse (edges: array, hasMore: boolean, nodeCeilingHit: boolean ...)
   GraphEdge (hiddenChildren: int32, isTruncated: boolean, sourceId: string ...)
    Type (enum: GRAPH_EDGE_TYPE_UNSPECIFIED, GRAPH_EDGE_TYPE_IDENTITY_LINK, GRAPH_EDGE_TYPE_DIRECT_GRANT ...)
   GraphNode (appId: string, displayName: string, id: string ...)
    GraphNodeType (enum: GRAPH_NODE_TYPE_UNSPECIFIED, GRAPH_NODE_TYPE_USER, GRAPH_NODE_TYPE_APP_USER ...)
AppEntitlementUserBinding (SDK empty)
C1ApiAppV1AppEntitlementUserBindingServiceListAppUsersForIdentityWithGrantRequest (app_entitlement_id: string, app_id: string, identity_user_id: string)
C1ApiAppV1AppEntitlementUserBindingServiceListAppUsersForIdentityWithGrantResponse (ContentType: string, ListAppUsersForIdentityWithGrantResponse: ListAppUsersForIdentityWithGrantResponse, StatusCode: int32 ...)
 ListAppUsersForIdentityWithGrantResponse (bindings: array)
   AppEntitlementUserBinding (appEntitlementId: string, appId: string, appUserId: string ...)
C1ApiAppV1AppEntitlementUserBindingServiceRemoveGrantDurationRequest (RemoveGrantDurationRequest: RemoveGrantDurationRequest, app_entitlement_id: string, app_id: string ...)
 RemoveGrantDurationRequest (empty)
C1ApiAppV1AppEntitlementUserBindingServiceRemoveGrantDurationResponse (ContentType: string, RemoveGrantDurationResponse: RemoveGrantDurationResponse, StatusCode: int32 ...)
 RemoveGrantDurationResponse (binding: AppEntitlementUserBinding)
SearchGrantFeedRequest (after: date-time, appEntitlementRefs: array, appRefs: array ...)
  AppRef (id: string)
 AppEntitlementUserBindingExpandHistoryMask (paths: array)
  UserRef (id: string)
C1ApiAppV1AppEntitlementUserBindingServiceSearchGrantFeedResponse (ContentType: string, SearchGrantFeedResponse: SearchGrantFeedResponse, StatusCode: int32 ...)
 SearchGrantFeedResponse (expanded: array, list: array, nextPageToken: string)
   SearchGrantFeedResponseExpanded (@type: string, AdditionalProperties: map)
   AppEntitlementUserBindingFeedView (appPath: string, appUserPath: string, entitlementPath: string ...)
    AppEntitlementUserBindingFeed (appEntitlementId: string, appId: string, appUserId: string ...)
     EventType (enum: GRANT_EVENT_TYPE_UNSPECIFIED, GRANT_EVENT_TYPE_ADDED, GRANT_EVENT_TYPE_REMOVED)
SearchPastGrantsRequest (appEntitlementRefs: array, appIds: array, appUserRefs: array ...)
C1ApiAppV1AppEntitlementUserBindingServiceSearchPastGrantsResponse (ContentType: string, SearchPastGrantsResponse: SearchPastGrantsResponse, StatusCode: int32 ...)
 SearchPastGrantsResponse (expanded: array, list: array, nextPageToken: string)
   SearchPastGrantsResponseExpanded (@type: string, AdditionalProperties: map)
   AppEntitlementUserBindingHistoryView (appPath: string, appUserPath: string, entitlementPath: string ...)
    AppEntitlementUserBindingHistory (appEntitlementId: string, appId: string, appUserId: string ...)
C1ApiAppV1AppEntitlementUserBindingServiceUpdateGrantDurationRequest (UpdateGrantDurationRequest: UpdateGrantDurationRequest, app_entitlement_id: string, app_id: string ...)
 UpdateGrantDurationRequest (newDeprovisionAt: date-time)
C1ApiAppV1AppEntitlementUserBindingServiceUpdateGrantDurationResponse (ContentType: string, StatusCode: int32, RawResponse: response ...)
 UpdateGrantDurationResponse (binding: AppEntitlementUserBinding)
AppEntitlementOwners (SDK empty)
C1ApiAppV1AppEntitlementOwnersAddRequest (AddAppEntitlementOwnerRequest: AddAppEntitlementOwnerRequest, app_id: string, entitlement_id: string)
 AddAppEntitlementOwnerRequest (userId: string)
C1ApiAppV1AppEntitlementOwnersAddResponse (AddAppEntitlementOwnerResponse: AddAppEntitlementOwnerResponse, ContentType: string, StatusCode: int32 ...)
 AddAppEntitlementOwnerResponse (empty)
C1ApiAppV1AppEntitlementOwnersDeleteRequest (DeleteAppEntitlementOwnersRequest: DeleteAppEntitlementOwnersRequest, app_id: string, entitlement_id: string)
 DeleteAppEntitlementOwnersRequest (empty)
C1ApiAppV1AppEntitlementOwnersDeleteResponse (ContentType: string, DeleteAppEntitlementOwnersResponse: DeleteAppEntitlementOwnersResponse, StatusCode: int32 ...)
 DeleteAppEntitlementOwnersResponse (empty)
C1ApiAppV1AppEntitlementOwnersListRequest (app_id: string, entitlement_id: string, page_size: int32 ...)
C1ApiAppV1AppEntitlementOwnersListResponse (ContentType: string, ListAppEntitlementOwnersResponse: ListAppEntitlementOwnersResponse, StatusCode: int32 ...)
 ListAppEntitlementOwnersResponse (list: array, nextPageToken: string)
C1ApiAppV1AppEntitlementOwnersListOwnerIDsRequest (app_id: string, entitlement_id: string)
C1ApiAppV1AppEntitlementOwnersListOwnerIDsResponse (ContentType: string, ListAppEntitlementOwnerIDsResponse: ListAppEntitlementOwnerIDsResponse, StatusCode: int32 ...)
 ListAppEntitlementOwnerIDsResponse (userIds: array)
C1ApiAppV1AppEntitlementOwnersRemoveRequest (RemoveAppEntitlementOwnerRequest: RemoveAppEntitlementOwnerRequest, app_id: string, entitlement_id: string ...)
 RemoveAppEntitlementOwnerRequest (empty)
C1ApiAppV1AppEntitlementOwnersRemoveResponse (ContentType: string, RemoveAppEntitlementOwnerResponse: RemoveAppEntitlementOwnerResponse, StatusCode: int32 ...)
 RemoveAppEntitlementOwnerResponse (empty)
C1ApiAppV1AppEntitlementOwnersSetRequest (SetAppEntitlementOwnersRequest: SetAppEntitlementOwnersRequest, app_id: string, entitlement_id: string)
 SetAppEntitlementOwnersRequest (userIds: array)
C1ApiAppV1AppEntitlementOwnersSetResponse (ContentType: string, SetAppEntitlementOwnersResponse: SetAppEntitlementOwnersResponse, StatusCode: int32 ...)
 SetAppEntitlementOwnersResponse (empty)
McpServer (SDK empty)
C1ApiAiGovernanceV1McpServerServiceDeleteRequest (MCPServerServiceDeleteRequest: MCPServerServiceDeleteRequest, app_id: string, connector_id: string)
 McpServerServiceDeleteRequest (empty)
C1ApiAiGovernanceV1McpServerServiceDeleteResponse (ContentType: string, MCPServerServiceDeleteResponse: MCPServerServiceDeleteResponse, StatusCode: int32 ...)
 McpServerServiceDeleteResponse (empty)
McpServerServiceDiscoverOidcEndpointsRequest (issuerUrl: string)
C1ApiAiGovernanceV1McpServerServiceDiscoverOidcEndpointsResponse (ContentType: string, MCPServerServiceDiscoverOIDCEndpointsResponse: MCPServerServiceDiscoverOIDCEndpointsResponse, StatusCode: int32 ...)
 McpServerServiceDiscoverOidcEndpointsResponse (authorizationEndpoint: string, codeChallengeMethodsSupported: array, scopesSupported: array ...)
C1ApiAiGovernanceV1McpServerServiceGetRequest (app_id: string, connector_id: string)
C1ApiAiGovernanceV1McpServerServiceGetResponse (ContentType: string, MCPServerServiceGetResponse: MCPServerServiceGetResponse, StatusCode: int32 ...)
 McpServerServiceGetResponse (mcpServer: MCPServerView)
  McpServerView (appId: string, authMethod: enum, awsAccessKeyId: string ...)
   McpServerViewAuthMethod (enum: MCP_SERVER_AUTH_METHOD_UNSPECIFIED, MCP_SERVER_AUTH_METHOD_NONE, MCP_SERVER_AUTH_METHOD_BEARER_TOKEN ...)
   McpServerViewDataSensitivity (enum: MCP_SERVER_DATA_SENSITIVITY_UNSPECIFIED, MCP_SERVER_DATA_SENSITIVITY_PUBLIC, MCP_SERVER_DATA_SENSITIVITY_INTERNAL ...)
   Oauth2ClientIdMode (enum: MCP_SERVER_AUTH_OAUTH2_CLIENT_ID_MODE_UNSPECIFIED, MCP_SERVER_AUTH_OAUTH2_CLIENT_ID_MODE_DCR, MCP_SERVER_AUTH_OAUTH2_CLIENT_ID_MODE_CIMD)
   Oauth2Mode (enum: MCP_SERVER_AUTH_OAUTH2_MODE_UNSPECIFIED, MCP_SERVER_AUTH_OAUTH2_MODE_SERVICE, MCP_SERVER_AUTH_OAUTH2_MODE_PASSTHROUGH ...)
   McpServerViewRequireToolApproval (enum: OPTIONAL_BOOL_UNSPECIFIED, OPTIONAL_BOOL_TRUE, OPTIONAL_BOOL_FALSE)
   McpServerViewServerType (enum: MCP_SERVER_TYPE_UNSPECIFIED, MCP_SERVER_TYPE_HOSTED, MCP_SERVER_TYPE_EXTERNAL)
   McpServerViewTokenSharing (enum: MCP_SERVER_TOKEN_SHARING_UNSPECIFIED, MCP_SERVER_TOKEN_SHARING_SHARED, MCP_SERVER_TOKEN_SHARING_PER_USER)
   McpServerViewTransportType (enum: MCP_SERVER_TRANSPORT_TYPE_UNSPECIFIED, MCP_SERVER_TRANSPORT_TYPE_STREAMABLE_HTTP, MCP_SERVER_TRANSPORT_TYPE_SSE)
C1ApiAiGovernanceV1McpServerServiceGetCatalogRequest (catalog_id: string)
C1ApiAiGovernanceV1McpServerServiceGetCatalogResponse (ContentType: string, MCPServerServiceGetCatalogResponse: MCPServerServiceGetCatalogResponse, StatusCode: int32 ...)
 McpServerServiceGetCatalogResponse (catalogEntry: MCPServerCatalogEntry)
  McpServerCatalogEntry (authModes: array, baseUrl: string, channel: enum ...)
    McpServerCatalogAuthMode (authMethod: enum, authStyle: string, authorizeUrl: string ...)
     McpServerCatalogAuthModeAuthMethod (enum: MCP_SERVER_AUTH_METHOD_UNSPECIFIED, MCP_SERVER_AUTH_METHOD_NONE, MCP_SERVER_AUTH_METHOD_BEARER_TOKEN ...)
   Channel (enum: MCP_SERVER_CATALOG_CHANNEL_UNSPECIFIED, MCP_SERVER_CATALOG_CHANNEL_STABLE, MCP_SERVER_CATALOG_CHANNEL_BETA ...)
   McpServerCatalogConfigSchema (fields: array)
     McpServerCatalogConfigField (default: string, description: string, displayName: string ...)
   DefaultAuthMethod (enum: MCP_SERVER_AUTH_METHOD_UNSPECIFIED, MCP_SERVER_AUTH_METHOD_NONE, MCP_SERVER_AUTH_METHOD_BEARER_TOKEN ...)
   Maturity (enum: MCP_SERVER_CATALOG_MATURITY_UNSPECIFIED, MCP_SERVER_CATALOG_MATURITY_STUB, MCP_SERVER_CATALOG_MATURITY_GENERATED ...)
   Scope (enum: MCP_SERVER_CATALOG_SCOPE_UNSPECIFIED, MCP_SERVER_CATALOG_SCOPE_BUSINESS, MCP_SERVER_CATALOG_SCOPE_EXCLUDED ...)
    SupportedOauth2Modes (enum: MCP_SERVER_AUTH_OAUTH2_MODE_UNSPECIFIED, MCP_SERVER_AUTH_OAUTH2_MODE_SERVICE, MCP_SERVER_AUTH_OAUTH2_MODE_PASSTHROUGH ...)
C1ApiAiGovernanceV1McpServerServiceListRequest (app_id: string, page_size: int32, page_token: string)
C1ApiAiGovernanceV1McpServerServiceListResponse (ContentType: string, MCPServerServiceListResponse: MCPServerServiceListResponse, StatusCode: int32 ...)
 McpServerServiceListResponse (list: array, nextPageToken: string)
C1ApiAiGovernanceV1McpServerServiceListCatalogRequest (page_size: int32, page_token: string, query: string)
C1ApiAiGovernanceV1McpServerServiceListCatalogResponse (ContentType: string, MCPServerServiceListCatalogResponse: MCPServerServiceListCatalogResponse, StatusCode: int32 ...)
 McpServerServiceListCatalogResponse (list: array, nextPageToken: string)
C1ApiAiGovernanceV1McpServerServiceListConnectionsRequest (page_size: int32, page_token: string)
C1ApiAiGovernanceV1McpServerServiceListConnectionsResponse (ContentType: string, MCPServerServiceListConnectionsResponse: MCPServerServiceListConnectionsResponse, StatusCode: int32 ...)
 McpServerServiceListConnectionsResponse (list: array, nextPageToken: string)
   McpConnectionView (appId: string, authMethod: enum, authorizedAsEmail: string ...)
    AuthMethod (enum: MCP_SERVER_AUTH_METHOD_UNSPECIFIED, MCP_SERVER_AUTH_METHOD_NONE, MCP_SERVER_AUTH_METHOD_BEARER_TOKEN ...)
    ServerType (enum: MCP_SERVER_TYPE_UNSPECIFIED, MCP_SERVER_TYPE_HOSTED, MCP_SERVER_TYPE_EXTERNAL)
C1ApiAiGovernanceV1McpServerServiceRegisterRequest (MCPServerServiceRegisterRequest: MCPServerServiceRegisterRequest, app_id: string)
 McpServerServiceRegisterRequest (acknowledgedFindingIds: array, appManagedStateBindingRef: AppManagedStateBindingRef, dataSensitivity: enum ...)
  DataSensitivity (enum: MCP_SERVER_DATA_SENSITIVITY_UNSPECIFIED, MCP_SERVER_DATA_SENSITIVITY_PUBLIC, MCP_SERVER_DATA_SENSITIVITY_INTERNAL ...)
  McpServerExternalConfig (basicAuth: MCPServerAuthBasicAuth, bearerToken: MCPServerAuthBearerToken, customHeader: MCPServerAuthCustomHeader ...)
   McpServerAuthBasicAuth (password: string, username: string)
   McpServerAuthBearerToken (token: string)
   McpServerAuthCustomHeader (headerName: string, headerValue: string)
   McpServerAuthNone (empty)
   McpServerAuthOAuth2 (authorizeUrl: string, clientId: string, clientIdMode: enum ...)
    ClientIdMode (enum: MCP_SERVER_AUTH_OAUTH2_CLIENT_ID_MODE_UNSPECIFIED, MCP_SERVER_AUTH_OAUTH2_CLIENT_ID_MODE_DCR, MCP_SERVER_AUTH_OAUTH2_CLIENT_ID_MODE_CIMD)
    Mode (enum: MCP_SERVER_AUTH_OAUTH2_MODE_UNSPECIFIED, MCP_SERVER_AUTH_OAUTH2_MODE_SERVICE, MCP_SERVER_AUTH_OAUTH2_MODE_PASSTHROUGH ...)
   RequireToolApproval (enum: OPTIONAL_BOOL_UNSPECIFIED, OPTIONAL_BOOL_TRUE, OPTIONAL_BOOL_FALSE)
   TokenSharing (enum: MCP_SERVER_TOKEN_SHARING_UNSPECIFIED, MCP_SERVER_TOKEN_SHARING_SHARED, MCP_SERVER_TOKEN_SHARING_PER_USER)
   TransportType (enum: MCP_SERVER_TRANSPORT_TYPE_UNSPECIFIED, MCP_SERVER_TRANSPORT_TYPE_STREAMABLE_HTTP, MCP_SERVER_TRANSPORT_TYPE_SSE)
  McpServerHostedConfig (awsSigv4: MCPServerAuthAWSSigV4, basicAuth: MCPServerAuthBasicAuth, bearerToken: MCPServerAuthBearerToken ...)
   McpServerAuthAwsSigV4 (accessKeyId: string, secretAccessKey: string, sessionToken: string)
   McpServerAuthGoogleServiceAccount (credentialsJson: string, scopes: array)
   McpServerHostedConfigRequireToolApproval (enum: OPTIONAL_BOOL_UNSPECIFIED, OPTIONAL_BOOL_TRUE, OPTIONAL_BOOL_FALSE)
   McpServerHostedConfigTokenSharing (enum: MCP_SERVER_TOKEN_SHARING_UNSPECIFIED, MCP_SERVER_TOKEN_SHARING_SHARED, MCP_SERVER_TOKEN_SHARING_PER_USER)
  McpServerServiceRegisterRequestServerType (enum: MCP_SERVER_TYPE_UNSPECIFIED, MCP_SERVER_TYPE_HOSTED, MCP_SERVER_TYPE_EXTERNAL)
C1ApiAiGovernanceV1McpServerServiceRegisterResponse (ContentType: string, MCPServerServiceRegisterResponse: MCPServerServiceRegisterResponse, StatusCode: int32 ...)
 McpServerServiceRegisterResponse (mcpServer: MCPServerView)
C1ApiAiGovernanceV1McpServerServiceResyncToolsRequest (MCPServerServiceResyncToolsRequest: MCPServerServiceResyncToolsRequest, app_id: string, connector_id: string)
 McpServerServiceResyncToolsRequest (empty)
C1ApiAiGovernanceV1McpServerServiceResyncToolsResponse (ContentType: string, MCPServerServiceResyncToolsResponse: MCPServerServiceResyncToolsResponse, StatusCode: int32 ...)
 McpServerServiceResyncToolsResponse (empty)
C1ApiAiGovernanceV1McpServerServiceSearchWithToolCountRequest (MCPServerServiceSearchWithToolCountRequest: MCPServerServiceSearchWithToolCountRequest, app_id: string)
 McpServerServiceSearchWithToolCountRequest (includeLastCalledAt: boolean, pageSize: int32, pageToken: string ...)
  ToolState (enum: MCP_TOOL_STATE_UNSPECIFIED, MCP_TOOL_STATE_PENDING_REVIEW, MCP_TOOL_STATE_APPROVED ...)
C1ApiAiGovernanceV1McpServerServiceSearchWithToolCountResponse (ContentType: string, MCPServerServiceSearchWithToolCountResponse: MCPServerServiceSearchWithToolCountResponse, StatusCode: int32 ...)
 McpServerServiceSearchWithToolCountResponse (list: array, nextPageToken: string)
   McpServerSearchWithToolCountResult (mcpServer: MCPServerView, toolCount: integer)
McpServerServiceTestConnectionRequest (appId: string, connectorId: string, externalConfig: MCPServerExternalConfig ...)
C1ApiAiGovernanceV1McpServerServiceTestConnectionResponse (ContentType: string, MCPServerServiceTestConnectionResponse: MCPServerServiceTestConnectionResponse, StatusCode: int32 ...)
 McpServerServiceTestConnectionResponse (failureReason: string, reachable: boolean, toolCount: integer)
C1ApiAiGovernanceV1McpServerServiceUpdateRequest (MCPServerServiceUpdateRequest: MCPServerServiceUpdateRequest, app_id: string, connector_id: string)
 McpServerServiceUpdateRequest (mcpServer: MCPServerView_input, updateMask: string)
  McpServerViewInput (appId: string, authMethod: enum, connectorId: string ...)
C1ApiAiGovernanceV1McpServerServiceUpdateResponse (ContentType: string, MCPServerServiceUpdateResponse: MCPServerServiceUpdateResponse, StatusCode: int32 ...)
 McpServerServiceUpdateResponse (mcpServer: MCPServerView)
C1ApiAiGovernanceV1McpServerServiceUpdateCredentialsRequest (MCPServerServiceUpdateCredentialsRequest: MCPServerServiceUpdateCredentialsRequest, app_id: string, connector_id: string)
 McpServerServiceUpdateCredentialsRequest (externalConfig: MCPServerExternalConfig, hostedConfig: MCPServerHostedConfig, updateMask: string)
C1ApiAiGovernanceV1McpServerServiceUpdateCredentialsResponse (ContentType: string, MCPServerServiceUpdateCredentialsResponse: MCPServerServiceUpdateCredentialsResponse, StatusCode: int32 ...)
 McpServerServiceUpdateCredentialsResponse (mcpServer: MCPServerView)
AppOwners (SDK empty)
C1ApiAppV1AppOwnersAddRequest (AddAppOwnerRequest: AddAppOwnerRequest, app_id: string, user_id: string)
 AddAppOwnerRequest (empty)
C1ApiAppV1AppOwnersAddResponse (AddAppOwnerResponse: AddAppOwnerResponse, ContentType: string, StatusCode: int32 ...)
 AddAppOwnerResponse (empty)
C1ApiAppV1AppOwnersDeleteRequest (DeleteAppOwnersRequest: DeleteAppOwnersRequest, app_id: string)
 DeleteAppOwnersRequest (userIds: array)
C1ApiAppV1AppOwnersDeleteResponse (ContentType: string, DeleteAppOwnersResponse: DeleteAppOwnersResponse, StatusCode: int32 ...)
 DeleteAppOwnersResponse (empty)
C1ApiAppV1AppOwnersListRequest (app_id: string, page_size: int32, page_token: string)
C1ApiAppV1AppOwnersListResponse (ContentType: string, ListAppOwnersResponse: ListAppOwnersResponse, StatusCode: int32 ...)
 ListAppOwnersResponse (list: array, nextPageToken: string)
C1ApiAppV1AppOwnersListOwnerIDsRequest (app_id: string)
C1ApiAppV1AppOwnersListOwnerIDsResponse (ContentType: string, ListAppOwnerIDsResponse: ListAppOwnerIDsResponse, StatusCode: int32 ...)
 ListAppOwnerIDsResponse (userIds: array)
C1ApiAppV1AppOwnersRemoveRequest (RemoveAppOwnerRequest: RemoveAppOwnerRequest, app_id: string, user_id: string)
 RemoveAppOwnerRequest (empty)
C1ApiAppV1AppOwnersRemoveResponse (ContentType: string, RemoveAppOwnerResponse: RemoveAppOwnerResponse, StatusCode: int32 ...)
 RemoveAppOwnerResponse (empty)
C1ApiAppV1AppOwnersSetRequest (SetAppOwnersRequest: SetAppOwnersRequest, app_id: string)
 SetAppOwnersRequest (userIds: array)
C1ApiAppV1AppOwnersSetResponse (ContentType: string, SetAppOwnersResponse: SetAppOwnersResponse, StatusCode: int32 ...)
 SetAppOwnersResponse (empty)
AppReport (SDK empty)
C1ApiAppV1AppReportServiceListRequest (app_id: string, page_size: int32, page_token: string)
C1ApiAppV1AppReportServiceListResponse (AppReportServiceListResponse: AppReportServiceListResponse, ContentType: string, StatusCode: int32 ...)
 AppReportServiceListResponse (list: array, nextPageToken: string)
   AppPopulationReport (appId: string, createdAt: date-time, downloadUrl: string ...)
    AppPopulationReportState (enum: REPORT_STATE_UNSPECIFIED, REPORT_STATE_PENDING, REPORT_STATE_OK ...)
AppReportAction (SDK empty)
C1ApiAppV1AppReportActionServiceGenerateReportRequest (AppActionsServiceGenerateReportRequest: AppActionsServiceGenerateReportRequest, app_id: string)
 AppActionsServiceGenerateReportRequest (empty)
C1ApiAppV1AppReportActionServiceGenerateReportResponse (AppActionsServiceGenerateReportResponse: AppActionsServiceGenerateReportResponse, ContentType: string, StatusCode: int32 ...)
 AppActionsServiceGenerateReportResponse (empty)
AppResourceType (SDK empty)
C1ApiAppV1AppResourceTypeServiceCreateManuallyManagedResourceTypeRequest (CreateManuallyManagedResourceTypeRequest: CreateManuallyManagedResourceTypeRequest, app_id: string)
 CreateManuallyManagedResourceTypeRequest (displayName: string, resourceType: enum)
  ResourceType (enum: ROLE, GROUP, LICENSE ...)
C1ApiAppV1AppResourceTypeServiceCreateManuallyManagedResourceTypeResponse (ContentType: string, CreateManuallyManagedResourceTypeResponse: CreateManuallyManagedResourceTypeResponse, StatusCode: int32 ...)
 CreateManuallyManagedResourceTypeResponse (appResourceType: AppResourceType, expanded: array)
  AppResourceType (appId: string, createdAt: date-time, deletedAt: date-time ...)
   CreateManuallyManagedResourceTypeResponseExpanded (@type: string, AdditionalProperties: map)
C1ApiAppV1AppResourceTypeServiceDeleteManuallyManagedResourceTypeRequest (DeleteManuallyManagedResourceTypeRequest: DeleteManuallyManagedResourceTypeRequest, app_id: string, id: string)
 DeleteManuallyManagedResourceTypeRequest (empty)
C1ApiAppV1AppResourceTypeServiceDeleteManuallyManagedResourceTypeResponse (ContentType: string, DeleteManuallyManagedResourceTypeResponse: DeleteManuallyManagedResourceTypeResponse, StatusCode: int32 ...)
 DeleteManuallyManagedResourceTypeResponse (empty)
C1ApiAppV1AppResourceTypeServiceGetRequest (app_id: string, id: string)
C1ApiAppV1AppResourceTypeServiceGetResponse (AppResourceTypeServiceGetResponse: AppResourceTypeServiceGetResponse, ContentType: string, StatusCode: int32 ...)
 AppResourceTypeServiceGetResponse (appResourceTypeView: AppResourceTypeView, expanded: array)
  AppResourceTypeView (appPath: string, appResourceType: AppResourceType)
   AppResourceTypeServiceGetResponseExpanded (@type: string, AdditionalProperties: map)
C1ApiAppV1AppResourceTypeServiceListRequest (app_id: string, page_size: int32, page_token: string)
C1ApiAppV1AppResourceTypeServiceListResponse (AppResourceTypeServiceListResponse: AppResourceTypeServiceListResponse, ContentType: string, StatusCode: int32 ...)
 AppResourceTypeServiceListResponse (expanded: array, list: array, nextPageToken: string)
   AppResourceTypeServiceListResponseExpanded (@type: string, AdditionalProperties: map)
C1ApiAppV1AppResourceTypeServiceUpdateManuallyManagedResourceTypeRequest (UpdateManuallyManagedResourceTypeRequest: UpdateManuallyManagedResourceTypeRequest, app_id: string, id: string)
 UpdateManuallyManagedResourceTypeRequest (appResourceType: AppResourceType_input, updateMask: string)
  AppResourceTypeInput (displayName: string, traitIds: array)
C1ApiAppV1AppResourceTypeServiceUpdateManuallyManagedResourceTypeResponse (ContentType: string, StatusCode: int32, RawResponse: response ...)
 UpdateManuallyManagedResourceTypeResponse (appResourceType: AppResourceType, expanded: array)
   UpdateManuallyManagedResourceTypeResponseExpanded (@type: string, AdditionalProperties: map)
AppResource (SDK empty)
C1ApiAppV1AppResourceServiceCreateManuallyManagedAppResourceRequest (CreateManuallyManagedAppResourceRequest: CreateManuallyManagedAppResourceRequest, app_id: string, app_resource_type_id: string)
 CreateManuallyManagedAppResourceRequest (annotations: map, description: string, displayName: string ...)
C1ApiAppV1AppResourceServiceCreateManuallyManagedAppResourceResponse (ContentType: string, CreateManuallyManagedAppResourceResponse: CreateManuallyManagedAppResourceResponse, StatusCode: int32 ...)
 CreateManuallyManagedAppResourceResponse (appResource: AppResource)
  AppResource (accessConfigId: string, agentTrait: AgentTrait, annotations: map ...)
   AgentTrait (identityAppUserId: string, status: enum)
    AgentTraitStatus (enum: AGENT_STATUS_UNSPECIFIED, AGENT_STATUS_READY, AGENT_STATUS_DISABLED ...)
   NhiType (enum: NHI_TYPE_UNSPECIFIED, NHI_TYPE_APP_REGISTRATION, NHI_TYPE_ASSUMABLE_ROLE ...)
   SecretTrait (createdByAppUserId: string, credentialDetail: string, identityAppUserId: string ...)
C1ApiAppV1AppResourceServiceDeleteManuallyManagedAppResourceRequest (DeleteManuallyManagedAppResourceRequest: DeleteManuallyManagedAppResourceRequest, app_id: string, app_resource_type_id: string ...)
 DeleteManuallyManagedAppResourceRequest (empty)
C1ApiAppV1AppResourceServiceDeleteManuallyManagedAppResourceResponse (ContentType: string, DeleteManuallyManagedAppResourceResponse: DeleteManuallyManagedAppResourceResponse, StatusCode: int32 ...)
 DeleteManuallyManagedAppResourceResponse (empty)
C1ApiAppV1AppResourceServiceGetRequest (app_id: string, app_resource_type_id: string, id: string)
C1ApiAppV1AppResourceServiceGetResponse (AppResourceServiceGetResponse: AppResourceServiceGetResponse, ContentType: string, StatusCode: int32 ...)
 AppResourceServiceGetResponse (appResourceView: AppResourceView, expanded: array)
  AppResourceView (appPath: string, appResource: AppResource, objectPermissions: ActorObjectPermissions ...)
   AppResourceServiceGetResponseExpanded (@type: string, AdditionalProperties: map)
C1ApiAppV1AppResourceServiceListRequest (app_id: string, app_resource_type_id: string, page_size: int32 ...)
C1ApiAppV1AppResourceServiceListResponse (AppResourceServiceListResponse: AppResourceServiceListResponse, ContentType: string, StatusCode: int32 ...)
 AppResourceServiceListResponse (expanded: array, list: array, nextPageToken: string)
   AppResourceServiceListResponseExpanded (@type: string, AdditionalProperties: map)
C1ApiAppV1AppResourceServiceUpdateRequest (AppResourceServiceUpdateRequest: AppResourceServiceUpdateRequest, app_id: string, app_resource_type_id: string ...)
 AppResourceServiceUpdateRequest (appResource: AppResource_input, expandMask: AppResourceExpandMask, updateMask: string)
  AppResourceInput (accessConfigId: string, agentTrait: AgentTrait, annotations: map ...)
  AppResourceExpandMask (paths: array)
C1ApiAppV1AppResourceServiceUpdateResponse (AppResourceServiceUpdateResponse: AppResourceServiceUpdateResponse, ContentType: string, StatusCode: int32 ...)
 AppResourceServiceUpdateResponse (appResourceView: AppResourceView, expanded: array)
   AppResourceServiceUpdateResponseExpanded (@type: string, AdditionalProperties: map)
AppResourceOwners (SDK empty)
C1ApiAppV1AppResourceOwnersAddRequest (AddAppResourceOwnerRequest: AddAppResourceOwnerRequest, app_id: string, resource_id: string ...)
 AddAppResourceOwnerRequest (userId: string)
C1ApiAppV1AppResourceOwnersAddResponse (AddAppResourceOwnerResponse: AddAppResourceOwnerResponse, ContentType: string, StatusCode: int32 ...)
 AddAppResourceOwnerResponse (empty)
C1ApiAppV1AppResourceOwnersDeleteRequest (DeleteAppResourceOwnersRequest: DeleteAppResourceOwnersRequest, app_id: string, resource_id: string ...)
 DeleteAppResourceOwnersRequest (empty)
C1ApiAppV1AppResourceOwnersDeleteResponse (ContentType: string, DeleteAppResourceOwnersResponse: DeleteAppResourceOwnersResponse, StatusCode: int32 ...)
 DeleteAppResourceOwnersResponse (empty)
C1ApiAppV1AppResourceOwnersListRequest (app_id: string, page_size: int32, page_token: string ...)
C1ApiAppV1AppResourceOwnersListResponse (ContentType: string, ListAppResourceOwnersResponse: ListAppResourceOwnersResponse, StatusCode: int32 ...)
 ListAppResourceOwnersResponse (immutableUserIds: array, list: array, nextPageToken: string)
C1ApiAppV1AppResourceOwnersListOwnerIDsRequest (app_id: string, resource_id: string, resource_type_id: string)
C1ApiAppV1AppResourceOwnersListOwnerIDsResponse (ContentType: string, ListAppResourceOwnerIDsResponse: ListAppResourceOwnerIDsResponse, StatusCode: int32 ...)
 ListAppResourceOwnerIDsResponse (userIds: array)
C1ApiAppV1AppResourceOwnersRemoveRequest (RemoveAppResourceOwnerRequest: RemoveAppResourceOwnerRequest, app_id: string, resource_id: string ...)
 RemoveAppResourceOwnerRequest (userId: string)
C1ApiAppV1AppResourceOwnersRemoveResponse (ContentType: string, RemoveAppResourceOwnerResponse: RemoveAppResourceOwnerResponse, StatusCode: int32 ...)
 RemoveAppResourceOwnerResponse (empty)
C1ApiAppV1AppResourceOwnersSetRequest (SetAppResourceOwnersRequest: SetAppResourceOwnersRequest, app_id: string, resource_id: string ...)
 SetAppResourceOwnersRequest (userIds: array)
C1ApiAppV1AppResourceOwnersSetResponse (ContentType: string, SetAppResourceOwnersResponse: SetAppResourceOwnersResponse, StatusCode: int32 ...)
 SetAppResourceOwnersResponse (empty)
AppUsageControls (SDK empty)
C1ApiAppV1AppUsageControlsServiceGetRequest (app_id: string)
C1ApiAppV1AppUsageControlsServiceGetResponse (ContentType: string, GetAppUsageControlsResponse: GetAppUsageControlsResponse, StatusCode: int32 ...)
 GetAppUsageControlsResponse (appUsageControls: AppUsageControls, hasUsageData: boolean)
  AppUsageControls (appId: string, notify: boolean, notifyAfterDays: integer ...)
C1ApiAppV1AppUsageControlsServiceUpdateRequest (UpdateAppUsageControlsRequest: UpdateAppUsageControlsRequest, app_id: string)
 UpdateAppUsageControlsRequest (appUsageControls: AppUsageControls, updateMask: string)
C1ApiAppV1AppUsageControlsServiceUpdateResponse (ContentType: string, StatusCode: int32, RawResponse: response ...)
 UpdateAppUsageControlsResponse (appUsageControls: AppUsageControls)
XaaAccessProfile (SDK empty)
C1ApiCrossAppAccessV1XaaAccessProfileServiceCreateRequest (XAAAccessProfileServiceCreateRequest: XAAAccessProfileServiceCreateRequest, app_id: string)
 XaaAccessProfileServiceCreateRequest (description: string, displayName: string, xaaResourceServerId: string)
C1ApiCrossAppAccessV1XaaAccessProfileServiceCreateResponse (ContentType: string, StatusCode: int32, RawResponse: response ...)
 XaaAccessProfileServiceCreateResponse (accessProfile: XAAAccessProfile)
  XaaAccessProfile (appEntitlementId: string, appId: string, createdAt: date-time ...)
C1ApiCrossAppAccessV1XaaAccessProfileServiceDeleteRequest (XAAAccessProfileServiceDeleteRequest: XAAAccessProfileServiceDeleteRequest, app_id: string, id: string)
 XaaAccessProfileServiceDeleteRequest (empty)
C1ApiCrossAppAccessV1XaaAccessProfileServiceDeleteResponse (ContentType: string, StatusCode: int32, RawResponse: response ...)
 XaaAccessProfileServiceDeleteResponse (empty)
C1ApiCrossAppAccessV1XaaAccessProfileServiceGetRequest (app_id: string, id: string)
C1ApiCrossAppAccessV1XaaAccessProfileServiceGetResponse (ContentType: string, StatusCode: int32, RawResponse: response ...)
 XaaAccessProfileServiceGetResponse (accessProfile: XAAAccessProfile)
C1ApiCrossAppAccessV1XaaAccessProfileServiceGetByAppEntitlementIdRequest (app_entitlement_id: string, app_id: string)
C1ApiCrossAppAccessV1XaaAccessProfileServiceGetByAppEntitlementIdResponse (ContentType: string, StatusCode: int32, RawResponse: response ...)
 XaaAccessProfileServiceGetByAppEntitlementIdResponse (accessProfile: XAAAccessProfile)
C1ApiCrossAppAccessV1XaaAccessProfileServiceListRequest (app_id: string, page_size: int32, page_token: string)
C1ApiCrossAppAccessV1XaaAccessProfileServiceListResponse (ContentType: string, StatusCode: int32, RawResponse: response ...)
 XaaAccessProfileServiceListResponse (accessProfiles: array, nextPageToken: string)
C1ApiCrossAppAccessV1XaaAccessProfileServiceListHistoryRequest (app_id: string, id: string, page_size: int32 ...)
C1ApiCrossAppAccessV1XaaAccessProfileServiceListHistoryResponse (ContentType: string, StatusCode: int32, RawResponse: response ...)
 XaaAccessProfileServiceListHistoryResponse (list: array, nextPageToken: string)
   XaaAccessProfileHistoryEntry (metadata: HistoryEntryMetadata, snapshot: XAAAccessProfile)
XaaAccessProfileServiceSearchRequest (appIds: array, pageSize: int32, pageToken: string ...)
  XaaAccessProfileRef (appId: string, id: string)
C1ApiCrossAppAccessV1XaaAccessProfileServiceSearchResponse (ContentType: string, StatusCode: int32, RawResponse: response ...)
 XaaAccessProfileServiceSearchResponse (list: array, nextPageToken: string)
C1ApiCrossAppAccessV1XaaAccessProfileServiceUpdateRequest (XAAAccessProfileServiceUpdateRequest: XAAAccessProfileServiceUpdateRequest, app_id: string, id: string)
 XaaAccessProfileServiceUpdateRequest (accessProfile: XAAAccessProfile, updateMask: string)
C1ApiCrossAppAccessV1XaaAccessProfileServiceUpdateResponse (ContentType: string, StatusCode: int32, RawResponse: response ...)
 XaaAccessProfileServiceUpdateResponse (accessProfile: XAAAccessProfile)
XaaAccessProfileScopeBinding (SDK empty)
C1ApiCrossAppAccessV1XaaAccessProfileScopeBindingServiceCreateBindingsRequest (XAAAccessProfileScopeBindingServiceCreateRequest: XAAAccessProfileScopeBindingServiceCreateRequest, access_profile_id: string, app_id: string)
 XaaAccessProfileScopeBindingServiceCreateRequest (xaaScopeIds: array)
C1ApiCrossAppAccessV1XaaAccessProfileScopeBindingServiceCreateBindingsResponse (ContentType: string, StatusCode: int32, RawResponse: response ...)
 XaaAccessProfileScopeBindingServiceCreateResponse (bindings: array)
   XaaAccessProfileScopeBinding (accessProfileId: string, appId: string, createdAt: date-time ...)
C1ApiCrossAppAccessV1XaaAccessProfileScopeBindingServiceDeleteBindingsRequest (XAAAccessProfileScopeBindingServiceDeleteRequest: XAAAccessProfileScopeBindingServiceDeleteRequest, access_profile_id: string, app_id: string)
 XaaAccessProfileScopeBindingServiceDeleteRequest (xaaScopeIds: array)
C1ApiCrossAppAccessV1XaaAccessProfileScopeBindingServiceDeleteBindingsResponse (ContentType: string, StatusCode: int32, RawResponse: response ...)
 XaaAccessProfileScopeBindingServiceDeleteResponse (empty)
C1ApiCrossAppAccessV1XaaAccessProfileScopeBindingServiceListRequest (access_profile_id: string, app_id: string, page_size: int32 ...)
C1ApiCrossAppAccessV1XaaAccessProfileScopeBindingServiceListResponse (ContentType: string, StatusCode: int32, RawResponse: response ...)
 XaaAccessProfileScopeBindingServiceListResponse (bindings: array, nextPageToken: string)
XaaAccessProfileScopeBindingServiceSearchRequest (accessProfileIds: array, appId: string, pageSize: int32 ...)
  XaaAccessProfileScopeBindingRef (accessProfileId: string, appId: string, xaaScopeId: string)
C1ApiCrossAppAccessV1XaaAccessProfileScopeBindingServiceSearchResponse (ContentType: string, StatusCode: int32, RawResponse: response ...)
 XaaAccessProfileScopeBindingServiceSearchResponse (list: array, nextPageToken: string)
XaaResourceServer (SDK empty)
C1ApiCrossAppAccessV1XaaResourceServerServiceCreateRequest (XAAResourceServerServiceCreateRequest: XAAResourceServerServiceCreateRequest, app_id: string)
 XaaResourceServerServiceCreateRequest (description: string, disabled: boolean, displayName: string ...)
  XaaModifyClaimsHook (commitId: string, disabled: boolean, functionId: string)
  XaaResourceServerServiceCreateRequestSigningAlgorithm (enum: XAA_SIGNING_ALGORITHM_UNSPECIFIED, XAA_SIGNING_ALGORITHM_EDDSA, XAA_SIGNING_ALGORITHM_RS256 ...)
C1ApiCrossAppAccessV1XaaResourceServerServiceCreateResponse (ContentType: string, StatusCode: int32, RawResponse: response ...)
 XaaResourceServerServiceCreateResponse (resourceServer: XAAResourceServer)
  XaaResourceServer (appId: string, createdAt: date-time, deletedAt: date-time ...)
   SigningAlgorithm (enum: XAA_SIGNING_ALGORITHM_UNSPECIFIED, XAA_SIGNING_ALGORITHM_EDDSA, XAA_SIGNING_ALGORITHM_RS256 ...)
C1ApiCrossAppAccessV1XaaResourceServerServiceDeleteRequest (XAAResourceServerServiceDeleteRequest: XAAResourceServerServiceDeleteRequest, app_id: string, id: string)
 XaaResourceServerServiceDeleteRequest (empty)
C1ApiCrossAppAccessV1XaaResourceServerServiceDeleteResponse (ContentType: string, StatusCode: int32, RawResponse: response ...)
 XaaResourceServerServiceDeleteResponse (empty)
C1ApiCrossAppAccessV1XaaResourceServerServiceGetRequest (app_id: string, id: string)
C1ApiCrossAppAccessV1XaaResourceServerServiceGetResponse (ContentType: string, StatusCode: int32, RawResponse: response ...)
 XaaResourceServerServiceGetResponse (resourceServer: XAAResourceServer)
C1ApiCrossAppAccessV1XaaResourceServerServiceListRequest (app_id: string, page_size: int32, page_token: string)
C1ApiCrossAppAccessV1XaaResourceServerServiceListResponse (ContentType: string, StatusCode: int32, RawResponse: response ...)
 XaaResourceServerServiceListResponse (nextPageToken: string, resourceServers: array)
C1ApiCrossAppAccessV1XaaResourceServerServiceListHistoryRequest (app_id: string, id: string, page_size: int32 ...)
C1ApiCrossAppAccessV1XaaResourceServerServiceListHistoryResponse (ContentType: string, StatusCode: int32, RawResponse: response ...)
 XaaResourceServerServiceListHistoryResponse (list: array, nextPageToken: string)
   XaaResourceServerHistoryEntry (metadata: HistoryEntryMetadata, snapshot: XAAResourceServer)
XaaResourceServerServiceSearchRequest (appIds: array, disabled: boolean, pageSize: int32 ...)
  XaaResourceServerRef (appId: string, id: string)
  SigningAlgorithmFilter (enum: XAA_SIGNING_ALGORITHM_UNSPECIFIED, XAA_SIGNING_ALGORITHM_EDDSA, XAA_SIGNING_ALGORITHM_RS256 ...)
C1ApiCrossAppAccessV1XaaResourceServerServiceSearchResponse (ContentType: string, StatusCode: int32, RawResponse: response ...)
 XaaResourceServerServiceSearchResponse (list: array, nextPageToken: string)
C1ApiCrossAppAccessV1XaaResourceServerServiceUpdateRequest (XAAResourceServerServiceUpdateRequest: XAAResourceServerServiceUpdateRequest, app_id: string, id: string)
 XaaResourceServerServiceUpdateRequest (resourceServer: XAAResourceServer, updateMask: string)
C1ApiCrossAppAccessV1XaaResourceServerServiceUpdateResponse (ContentType: string, StatusCode: int32, RawResponse: response ...)
 XaaResourceServerServiceUpdateResponse (resourceServer: XAAResourceServer)
XaaScope (SDK empty)
C1ApiCrossAppAccessV1XaaScopeServiceCreateRequest (XAAScopeServiceCreateRequest: XAAScopeServiceCreateRequest, app_id: string)
 XaaScopeServiceCreateRequest (classification: enum, description: string, displayName: string ...)
  XaaScopeServiceCreateRequestClassification (enum: XAA_SCOPE_CLASSIFICATION_UNSPECIFIED, XAA_SCOPE_CLASSIFICATION_READ, XAA_SCOPE_CLASSIFICATION_WRITE ...)
  XaaScopeServiceCreateRequestState (enum: XAA_SCOPE_STATE_UNSPECIFIED, XAA_SCOPE_STATE_PENDING_REVIEW, XAA_SCOPE_STATE_ENABLED ...)
C1ApiCrossAppAccessV1XaaScopeServiceCreateResponse (ContentType: string, StatusCode: int32, RawResponse: response ...)
 XaaScopeServiceCreateResponse (scope: XAAScope)
  XaaScope (appEntitlementId: string, appId: string, classification: enum ...)
   XaaScopeClassification (enum: XAA_SCOPE_CLASSIFICATION_UNSPECIFIED, XAA_SCOPE_CLASSIFICATION_READ, XAA_SCOPE_CLASSIFICATION_WRITE ...)
   XaaScopeSource (enum: XAA_SCOPE_SOURCE_UNSPECIFIED, XAA_SCOPE_SOURCE_ADMIN_DECLARED, XAA_SCOPE_SOURCE_DISCOVERED)
   XaaScopeState (enum: XAA_SCOPE_STATE_UNSPECIFIED, XAA_SCOPE_STATE_PENDING_REVIEW, XAA_SCOPE_STATE_ENABLED ...)
C1ApiCrossAppAccessV1XaaScopeServiceDeleteRequest (XAAScopeServiceDeleteRequest: XAAScopeServiceDeleteRequest, app_id: string, id: string)
 XaaScopeServiceDeleteRequest (empty)
C1ApiCrossAppAccessV1XaaScopeServiceDeleteResponse (ContentType: string, StatusCode: int32, RawResponse: response ...)
 XaaScopeServiceDeleteResponse (empty)
C1ApiCrossAppAccessV1XaaScopeServiceGetRequest (app_id: string, id: string)
C1ApiCrossAppAccessV1XaaScopeServiceGetResponse (ContentType: string, StatusCode: int32, RawResponse: response ...)
 XaaScopeServiceGetResponse (scope: XAAScope)
C1ApiCrossAppAccessV1XaaScopeServiceListRequest (app_id: string, page_size: int32, page_token: string)
C1ApiCrossAppAccessV1XaaScopeServiceListResponse (ContentType: string, StatusCode: int32, RawResponse: response ...)
 XaaScopeServiceListResponse (nextPageToken: string, scopes: array)
C1ApiCrossAppAccessV1XaaScopeServiceListHistoryRequest (app_id: string, id: string, page_size: int32 ...)
C1ApiCrossAppAccessV1XaaScopeServiceListHistoryResponse (ContentType: string, StatusCode: int32, RawResponse: response ...)
 XaaScopeServiceListHistoryResponse (list: array, nextPageToken: string)
   XaaScopeHistoryEntry (metadata: HistoryEntryMetadata, snapshot: XAAScope)
XaaScopeServiceSearchRequest (appIds: array, classificationFilter: array, pageSize: int32 ...)
  XaaScopeServiceSearchRequestClassificationFilter (enum: XAA_SCOPE_CLASSIFICATION_UNSPECIFIED, XAA_SCOPE_CLASSIFICATION_READ, XAA_SCOPE_CLASSIFICATION_WRITE ...)
  XaaScopeRef (appId: string, id: string)
  XaaScopeServiceSearchRequestSourceFilter (enum: XAA_SCOPE_SOURCE_UNSPECIFIED, XAA_SCOPE_SOURCE_ADMIN_DECLARED, XAA_SCOPE_SOURCE_DISCOVERED)
  XaaScopeServiceSearchRequestStateFilter (enum: XAA_SCOPE_STATE_UNSPECIFIED, XAA_SCOPE_STATE_PENDING_REVIEW, XAA_SCOPE_STATE_ENABLED ...)
C1ApiCrossAppAccessV1XaaScopeServiceSearchResponse (ContentType: string, StatusCode: int32, RawResponse: response ...)
 XaaScopeServiceSearchResponse (list: array, nextPageToken: string)
C1ApiCrossAppAccessV1XaaScopeServiceUpdateRequest (XAAScopeServiceUpdateRequest: XAAScopeServiceUpdateRequest, app_id: string, id: string)
 XaaScopeServiceUpdateRequest (scope: XAAScope, updateMask: string)
C1ApiCrossAppAccessV1XaaScopeServiceUpdateResponse (ContentType: string, StatusCode: int32, RawResponse: response ...)
 XaaScopeServiceUpdateResponse (scope: XAAScope)
AppEntitlementsProxy (SDK empty)
C1ApiAppV1AppEntitlementsProxyCreateRequest (CreateAppEntitlementProxyRequest: CreateAppEntitlementProxyRequest, dst_app_entitlement_id: string, dst_app_id: string ...)
 CreateAppEntitlementProxyRequest (expandMask: AppEntitlementProxyExpandMask)
  AppEntitlementProxyExpandMask (paths: array)
C1ApiAppV1AppEntitlementsProxyCreateResponse (ContentType: string, CreateAppEntitlementProxyResponse: CreateAppEntitlementProxyResponse, StatusCode: int32 ...)
 CreateAppEntitlementProxyResponse (appProxyEntitlementView: AppEntitlementProxyView, expanded: array)
  AppEntitlementProxyView (appProxyEntitlement: AppEntitlementProxy, dstAppEntitlementPath: string, dstAppPath: string ...)
   AppEntitlementProxy (createdAt: date-time, deletedAt: date-time, disabledAt: date-time ...)
   CreateAppEntitlementProxyResponseExpanded (@type: string, AdditionalProperties: map)
C1ApiAppV1AppEntitlementsProxyDeleteRequest (DeleteAppEntitlementProxyRequest: DeleteAppEntitlementProxyRequest, dst_app_entitlement_id: string, dst_app_id: string ...)
 DeleteAppEntitlementProxyRequest (empty)
C1ApiAppV1AppEntitlementsProxyDeleteResponse (ContentType: string, DeleteAppEntitlementProxyResponse: DeleteAppEntitlementProxyResponse, StatusCode: int32 ...)
 DeleteAppEntitlementProxyResponse (empty)
C1ApiAppV1AppEntitlementsProxyGetRequest (dst_app_entitlement_id: string, dst_app_id: string, src_app_entitlement_id: string ...)
C1ApiAppV1AppEntitlementsProxyGetResponse (ContentType: string, GetAppEntitlementProxyResponse: GetAppEntitlementProxyResponse, StatusCode: int32 ...)
 GetAppEntitlementProxyResponse (appProxyEntitlementView: AppEntitlementProxyView, expanded: array)
   GetAppEntitlementProxyResponseExpanded (@type: string, AdditionalProperties: map)
Attributes (SDK empty)
CreateAttributeValueRequest (attributeTypeId: string, value: string)
C1ApiAttributeV1AttributesCreateAttributeValueResponse (ContentType: string, CreateAttributeValueResponse: CreateAttributeValueResponse, StatusCode: int32 ...)
 CreateAttributeValueResponse (value: AttributeValue)
  AttributeValue (attributeTypeId: string, createdAt: date-time, deletedAt: date-time ...)
CreateComplianceFrameworkAttributeValueRequest (value: string)
C1ApiAttributeV1AttributesCreateComplianceFrameworkAttributeValueResponse (ContentType: string, CreateComplianceFrameworkAttributeValueResponse: CreateComplianceFrameworkAttributeValueResponse, StatusCode: int32 ...)
 CreateComplianceFrameworkAttributeValueResponse (value: AttributeValue)
CreateRiskLevelAttributeValueRequest (value: string)
C1ApiAttributeV1AttributesCreateRiskLevelAttributeValueResponse (ContentType: string, CreateRiskLevelAttributeValueResponse: CreateRiskLevelAttributeValueResponse, StatusCode: int32 ...)
 CreateRiskLevelAttributeValueResponse (value: AttributeValue)
C1ApiAttributeV1AttributesDeleteAttributeValueRequest (DeleteAttributeValueRequest: DeleteAttributeValueRequest, id: string)
 DeleteAttributeValueRequest (empty)
C1ApiAttributeV1AttributesDeleteAttributeValueResponse (ContentType: string, DeleteAttributeValueResponse: DeleteAttributeValueResponse, StatusCode: int32 ...)
 DeleteAttributeValueResponse (empty)
C1ApiAttributeV1AttributesDeleteComplianceFrameworkAttributeValueRequest (DeleteComplianceFrameworkAttributeValueRequest: DeleteComplianceFrameworkAttributeValueRequest, id: string)
 DeleteComplianceFrameworkAttributeValueRequest (empty)
C1ApiAttributeV1AttributesDeleteComplianceFrameworkAttributeValueResponse (ContentType: string, DeleteComplianceFrameworkAttributeValueResponse: DeleteComplianceFrameworkAttributeValueResponse, StatusCode: int32 ...)
 DeleteComplianceFrameworkAttributeValueResponse (empty)
C1ApiAttributeV1AttributesDeleteRiskLevelAttributeValueRequest (DeleteRiskLevelAttributeValueRequest: DeleteRiskLevelAttributeValueRequest, id: string)
 DeleteRiskLevelAttributeValueRequest (empty)
C1ApiAttributeV1AttributesDeleteRiskLevelAttributeValueResponse (ContentType: string, DeleteRiskLevelAttributeValueResponse: DeleteRiskLevelAttributeValueResponse, StatusCode: int32 ...)
 DeleteRiskLevelAttributeValueResponse (empty)
C1ApiAttributeV1AttributesGetAttributeValueRequest (id: string)
C1ApiAttributeV1AttributesGetAttributeValueResponse (ContentType: string, GetAttributeValueResponse: GetAttributeValueResponse, StatusCode: int32 ...)
 GetAttributeValueResponse (value: AttributeValue)
C1ApiAttributeV1AttributesGetComplianceFrameworkAttributeValueRequest (id: string)
C1ApiAttributeV1AttributesGetComplianceFrameworkAttributeValueResponse (ContentType: string, GetComplianceFrameworkAttributeValueResponse: GetComplianceFrameworkAttributeValueResponse, StatusCode: int32 ...)
 GetComplianceFrameworkAttributeValueResponse (value: AttributeValue)
C1ApiAttributeV1AttributesGetRiskLevelAttributeValueRequest (id: string)
C1ApiAttributeV1AttributesGetRiskLevelAttributeValueResponse (ContentType: string, GetRiskLevelAttributeValueResponse: GetRiskLevelAttributeValueResponse, StatusCode: int32 ...)
 GetRiskLevelAttributeValueResponse (value: AttributeValue)
C1ApiAttributeV1AttributesListAttributeTypesRequest (page_size: int32, page_token: string)
C1ApiAttributeV1AttributesListAttributeTypesResponse (ContentType: string, ListAttributeTypesResponse: ListAttributeTypesResponse, StatusCode: int32 ...)
 ListAttributeTypesResponse (list: array, nextPageToken: string)
   AttributeType (id: string, name: string)
C1ApiAttributeV1AttributesListAttributeValuesRequest (attribute_type_id: string, page_size: int32, page_token: string)
C1ApiAttributeV1AttributesListAttributeValuesResponse (ContentType: string, ListAttributeValuesResponse: ListAttributeValuesResponse, StatusCode: int32 ...)
 ListAttributeValuesResponse (list: array, nextPageToken: string)
C1ApiAttributeV1AttributesListComplianceFrameworksRequest (page_size: int32, page_token: string)
C1ApiAttributeV1AttributesListComplianceFrameworksResponse (ContentType: string, ListComplianceFrameworksResponse: ListComplianceFrameworksResponse, StatusCode: int32 ...)
 ListComplianceFrameworksResponse (list: array, nextPageToken: string)
C1ApiAttributeV1AttributesListRiskLevelsRequest (page_size: int32, page_token: string)
C1ApiAttributeV1AttributesListRiskLevelsResponse (ContentType: string, ListRiskLevelsResponse: ListRiskLevelsResponse, StatusCode: int32 ...)
 ListRiskLevelsResponse (list: array, nextPageToken: string)
TenantAuthConfig (SDK empty)
TenantAuthConfigServiceCreateRequest (bootstrapDomains: array, c1Local: AuthConfigC1Local, deprecationDeadline: date-time ...)
 AuthConfigC1Local (delegatedVerifiers: array)
   DelegatedVerifiers (enum: DELEGATED_VERIFIER_TYPE_UNSPECIFIED, DELEGATED_VERIFIER_TYPE_GOOGLE, DELEGATED_VERIFIER_TYPE_MICROSOFT ...)
 AuthConfigGoogleInput (hostedDomains: array)
 AuthConfigJumpCloud (oidcClientId: string, oidcClientSecret: string)
 AuthConfigMicrosoft (tenantIds: array)
 AuthConfigOidc (exactMatchClaims: map, issuerId: string, oidcClientId: string ...)
 AuthConfigOkta (domain: string, oidcClientId: string, oidcClientSecret: string)
 AuthConfigOneLogin (domain: string, oidcClientId: string, oidcClientSecret: string)
 AuthConfigPingOne (environmentId: string, oidcClientId: string, oidcClientSecret: string)
 TenantAuthConfigServiceCreateRequestStatus (enum: AUTH_CONFIG_STATUS_UNSPECIFIED, AUTH_CONFIG_STATUS_ACTIVE, AUTH_CONFIG_STATUS_DEPRECATED ...)
C1ApiAuthConfigV1TenantAuthConfigServiceCreateResponse (ContentType: string, StatusCode: int32, RawResponse: response ...)
 TenantAuthConfigServiceCreateResponse (authConfig: TenantAuthConfig)
  TenantAuthConfig (bootstrapDomains: array, c1Local: AuthConfigC1Local, createdAt: date-time ...)
   AuthConfigGoogle (additionalHostedDomains: array, hostedDomains: array)
   TenantAuthConfigProviderType (enum: AUTH_CONFIG_PROVIDER_TYPE_UNSPECIFIED, AUTH_CONFIG_PROVIDER_TYPE_GOOGLE, AUTH_CONFIG_PROVIDER_TYPE_MICROSOFT ...)
   TenantAuthConfigStatus (enum: AUTH_CONFIG_STATUS_UNSPECIFIED, AUTH_CONFIG_STATUS_ACTIVE, AUTH_CONFIG_STATUS_DEPRECATED ...)
C1ApiAuthConfigV1TenantAuthConfigServiceDeleteRequest (TenantAuthConfigServiceDeleteRequest: TenantAuthConfigServiceDeleteRequest, id: string)
 TenantAuthConfigServiceDeleteRequest (empty)
C1ApiAuthConfigV1TenantAuthConfigServiceDeleteResponse (ContentType: string, StatusCode: int32, RawResponse: response ...)
 TenantAuthConfigServiceDeleteResponse (empty)
C1ApiAuthConfigV1TenantAuthConfigServiceGetRequest (id: string)
C1ApiAuthConfigV1TenantAuthConfigServiceGetResponse (ContentType: string, StatusCode: int32, RawResponse: response ...)
 TenantAuthConfigServiceGetResponse (authConfig: TenantAuthConfig)
C1ApiAuthConfigV1TenantAuthConfigServiceListRequest (page_size: int32, page_token: string)
C1ApiAuthConfigV1TenantAuthConfigServiceListResponse (ContentType: string, StatusCode: int32, RawResponse: response ...)
 TenantAuthConfigServiceListResponse (list: array, nextPageToken: string)
C1ApiAuthConfigV1TenantAuthConfigServiceUpdateRequest (TenantAuthConfigServiceUpdateRequest: TenantAuthConfigServiceUpdateRequest, id: string)
 TenantAuthConfigServiceUpdateRequest (authConfig: TenantAuthConfig_input, updateMask: string)
  TenantAuthConfigInput (bootstrapDomains: array, c1Local: AuthConfigC1Local, deprecationDeadline: date-time ...)
C1ApiAuthConfigV1TenantAuthConfigServiceUpdateResponse (ContentType: string, StatusCode: int32, RawResponse: response ...)
 TenantAuthConfigServiceUpdateResponse (authConfig: TenantAuthConfig)
Auth (SDK empty)
C1ApiAuthV1AuthIntrospectResponse (ContentType: string, IntrospectResponse: IntrospectResponse, StatusCode: int32 ...)
 IntrospectResponse (deviceClientId: string, features: array, permissions: array ...)
AutomationExecution (SDK empty)
C1ApiAutomationsV1AutomationExecutionServiceGetAutomationExecutionRequest (id: integer)
C1ApiAutomationsV1AutomationExecutionServiceGetAutomationExecutionResponse (ContentType: string, GetAutomationExecutionResponse: GetAutomationExecutionResponse, StatusCode: int32 ...)
 GetAutomationExecutionResponse (automationExecution: AutomationExecution, expanded: array, view: AutomationExecutionView)
  AutomationExecution (automationTemplateId: string, completedAt: date-time, context: AutomationContext ...)
   AutomationContext (context: map)
   AutomationExecutionState (enum: AUTOMATION_EXECUTION_STATE_UNSPECIFIED, AUTOMATION_EXECUTION_STATE_PENDING, AUTOMATION_EXECUTION_STATE_CREATING ...)
   GetAutomationExecutionResponseExpanded (@type: string, AdditionalProperties: map)
  AutomationExecutionView (automationExecution: AutomationExecution, automationExecutionTriggerPath: string, automationPath: string)
C1ApiAutomationsV1AutomationExecutionServiceListAutomationExecutionsResponse (ContentType: string, ListAutomationExecutionsResponse: ListAutomationExecutionsResponse, StatusCode: int32 ...)
 ListAutomationExecutionsResponse (automationExecutions: array, nextPageToken: string)
AutomationExecutionActions (SDK empty)
C1ApiAutomationsV1AutomationExecutionActionsServiceTerminateAutomationRequest (TerminateAutomationRequest: TerminateAutomationRequest, id: integer)
 TerminateAutomationRequest (empty)
C1ApiAutomationsV1AutomationExecutionActionsServiceTerminateAutomationResponse (ContentType: string, StatusCode: int32, RawResponse: response ...)
 TerminateAutomationResponse (empty)
Automation (SDK empty)
C1ApiAutomationsV1AutomationServiceClearAutomationCircuitBreakerRequest (ClearAutomationCircuitBreakerRequest: ClearAutomationCircuitBreakerRequest, id: string)
 ClearAutomationCircuitBreakerRequest (decision: enum, reason: string)
  Decision (enum: PAUSED_EXECUTION_DECISION_UNSPECIFIED, PAUSED_EXECUTION_DECISION_RUN, PAUSED_EXECUTION_DECISION_CANCEL)
C1ApiAutomationsV1AutomationServiceClearAutomationCircuitBreakerResponse (ClearAutomationCircuitBreakerResponse: ClearAutomationCircuitBreakerResponse, ContentType: string, StatusCode: int32 ...)
 ClearAutomationCircuitBreakerResponse (bulkActionId: string)
AutomationsCreateAutomationRequest (annotations: map, appId: string, automationSteps: array ...)
  AutomationStep (accountLifecycleAction: AccountLifecycleAction, callFunction: CallFunction, connectorAction: ConnectorAction ...)
   AccountLifecycleAction (accountInContext: AccountInContext, accountRef: AccountRef, actionName: string ...)
    AccountInContext (empty)
    AccountRef (accountIdCel: string)
    ConnectorRef (appId: string, id: string)
   CallFunction (args: map, functionId: string)
   ConnectorAction (actionName: string, argsTemplate: map, connectorRef: ConnectorRef ...)
   ConnectorCreateAccount (connectorRef: ConnectorRef, passwordCel: string, userIdCel: string ...)
    UserProperties (displayNameCel: string, emailCel: string, profileAttributeCel: string ...)
   CreateAccessReview (accessReviewTemplateCel: string, accessReviewTemplateId: string, campaignName: string ...)
   CreateRevokeTasks (appEntitlementRefs: array, appEntitlementRefsCel: string, excludedAppEntitlementRefs: array ...)
   CreateRevokeTasksV2 (exclusionCriteria: EntitlementExclusionCriteria, exclusionList: EntitlementExclusionList, exclusionListCel: EntitlementExclusionListCel ...)
    EntitlementExclusionCriteria (excludedAppIds: array, excludedComplianceFrameworkIds: array, excludedResourceTypeIds: array ...)
    EntitlementExclusionList (excludedAppEntitlementRefs: array)
    EntitlementExclusionListCel (excludedAppEntitlementRefsCel: string)
    EntitlementExclusionNone (empty)
    EntitlementInclusionAccessOnly (empty)
    EntitlementInclusionAll (empty)
    EntitlementInclusionCriteria (appIds: array, complianceFrameworkIds: array, resourceTypeIds: array ...)
    EntitlementInclusionList (appEntitlementRefs: array)
    EntitlementInclusionListCel (appEntitlementRefsCel: string)
   EvaluateExpressions (expressions: array)
     Expression (expressionCel: string, isSecret: boolean, key: string)
   GeneratePassword (passwordPolicyId: string, policy: GeneratePasswordPolicy)
    GeneratePasswordPolicy (customCharacters: string, excludedCharacters: string, maxCharacterCount: int32 ...)
   GrantEntitlements (exclusionCriteria: GrantEntitlementExclusionCriteria, exclusionList: GrantEntitlementExclusionList, exclusionListCel: GrantEntitlementExclusionListCel ...)
    GrantEntitlementExclusionCriteria (excludedAppIds: array, excludedComplianceFrameworkIds: array, excludedRiskLevelIds: array)
    GrantEntitlementExclusionList (excludedAppEntitlementRefs: array)
    GrantEntitlementExclusionListCel (excludedAppEntitlementRefsCel: string)
    GrantEntitlementExclusionNone (empty)
    GrantEntitlementInclusionCriteria (appIds: array, complianceFrameworkIds: array, riskLevelIds: array)
    GrantEntitlementInclusionList (appEntitlementRefs: array)
    GrantEntitlementInclusionListCel (appEntitlementRefsCel: string)
   RemoveFromDelegation (replacementUserIdCel: string, replacementUserRef: UserRef, useSubjectUser: boolean ...)
   RunAutomation (automationTemplateIdCel: string, automationTemplateRef: AutomationTemplateRef, context: AutomationContext)
    AutomationTemplateRef (id: string)
   SendEmail (body: string, email: string, emailCel: string ...)
   SendSlackMessage (body: string, channelIsId: boolean, channelName: string ...)
   SetCredential (accountIdCel: string, connectorRef: ConnectorRef, passwordCel: string)
   StoreCredential (appIdCel: string, authType: enum, credentialCel: string ...)
    AuthType (enum: STORE_CREDENTIAL_AUTH_TYPE_UNSPECIFIED, STORE_CREDENTIAL_AUTH_TYPE_SSO_INTERNAL, STORE_CREDENTIAL_AUTH_TYPE_VERIFY_EMAIL)
    VaultType (enum: STORE_CREDENTIAL_VAULT_TYPE_UNSPECIFIED, STORE_CREDENTIAL_VAULT_TYPE_PAPER_VAULT, STORE_CREDENTIAL_VAULT_TYPE_APP_VAULT)
   TaskAction (close: CloseAction, reassign: ReassignAction, taskTypes: array ...)
    CloseAction (useSubjectUser: boolean, userIdCel: string, userRef: UserRef)
    ReassignAction (assigneeUserIdCel: string, assigneeUserRef: UserRef, subjectUserIdCel: string ...)
     TaskTypes (enum: TASK_TYPE_UNSPECIFIED, TASK_TYPE_REQUEST, TASK_TYPE_REVOKE ...)
    TaskUserRelation (enum: TASK_USER_RELATION_UNSPECIFIED, TASK_USER_RELATION_ASSIGNEE, TASK_USER_RELATION_SUBJECT)
   UnenrollFromAllAccessProfiles (catalogIds: array, catalogIdsCel: string, useSubjectUser: boolean ...)
   UpdateUser (useSubjectUser: boolean, userIdCel: string, userRef: UserRef ...)
    UserStatusEnum (enum: UNKNOWN, ENABLED, DISABLED ...)
   WaitForDuration (duration: string)
   Webhook (payload: map, webhookId: string, webhookIdCel: string)
 AutomationsCreateAutomationRequestCircuitBreakerPeriod (enum: CIRCUIT_BREAKER_PERIOD_UNSPECIFIED, CIRCUIT_BREAKER_PERIOD_HOUR, CIRCUIT_BREAKER_PERIOD_DAY ...)
  AutomationTrigger (accessConflict: AccessConflictTrigger, appUserCreated: AppUserCreatedTrigger, appUserUpdated: AppUserUpdatedTrigger ...)
   AccessConflictTrigger (allConflictMonitors: boolean, conflictMonitorRefs: ConflictMonitorRefs)
    ConflictMonitorRefs (conflictMonitorRefs: array)
      ConflictMonitorRef (id: string)
   AppUserCreatedTrigger (appId: string, appIdCel: string, condition: string)
   AppUserUpdatedTrigger (appId: string, appIdCel: string, condition: string)
   GrantDeletedTrigger (grantTriggerFilter: GrantTriggerFilter)
    GrantTriggerFilter (accountFilter: AccountFilter, grantFilter: GrantFilter, inclusionAll: EntitlementInclusionAll ...)
     AccountFilter (accountType: enum)
      AccountType (enum: APP_USER_TYPE_UNSPECIFIED, APP_USER_TYPE_USER, APP_USER_TYPE_SERVICE_ACCOUNT ...)
     GrantFilter (grantFilterType: enum, grantJustificationType: enum, grantSourceFilter: enum)
      GrantFilterType (enum: GRANT_FILTER_TYPE_UNSPECIFIED, GRANT_FILTER_TYPE_PERMANENT, GRANT_FILTER_TYPE_TEMPORARY)
      GrantJustificationType (enum: GRANT_JUSTIFICATION_TYPE_UNSPECIFIED, GRANT_JUSTIFICATION_TYPE_ALL, GRANT_JUSTIFICATION_TYPE_CONDUCTOR_ONE ...)
      GrantSourceFilter (enum: GRANT_SOURCE_FILTER_UNSPECIFIED, GRANT_SOURCE_FILTER_DIRECT, GRANT_SOURCE_FILTER_INHERITED)
   GrantFoundTrigger (grantTriggerFilter: GrantTriggerFilter)
   ScheduleTrigger (advanced: boolean, condition: string, cronSpec: string ...)
   ScheduleTriggerAppUser (appId: string, condition: string, cronSpec: string ...)
   ScheduleTriggerNoUser (advanced: boolean, cronSpec: string, start: date-time ...)
   UsageBasedRevocationTrigger (appId: string, enabledAt: date-time, excludedGroupRefs: array ...)
    RunDelayed (coldStartDelayDays: integer)
    RunImmediately (empty)
     TargetedAppUserTypes (enum: APP_USER_TYPE_UNSPECIFIED, APP_USER_TYPE_USER, APP_USER_TYPE_SERVICE_ACCOUNT ...)
   UserCreatedTrigger (condition: string)
   UserProfileChangeTrigger (condition: string)
   WebhookAutomationTrigger (capabilityUrl: WebhookListenerAuthCapabilityURL, hmac: WebhookListenerAuthHMAC, jwt: WebhookListenerAuthJWT ...)
    WebhookListenerAuthCapabilityUrl (empty)
    WebhookListenerAuthHmac (empty)
    WebhookListenerAuthJwt (jwksUrl: string)
C1ApiAutomationsV1AutomationServiceCreateAutomationResponse (AutomationsCreateAutomationResponse: AutomationsCreateAutomationResponse, ContentType: string, StatusCode: int32 ...)
 AutomationsCreateAutomationResponse (automation: Automation, webhookCapabilityUrl: string, webhookHmacSecret: string)
  Automation (annotations: map, appId: string, automationSteps: array ...)
   DisabledReasonCircuitBreaker (observedCount: integer, period: enum, threshold: integer ...)
    Period (enum: CIRCUIT_BREAKER_PERIOD_UNSPECIFIED, CIRCUIT_BREAKER_PERIOD_HOUR, CIRCUIT_BREAKER_PERIOD_DAY ...)
   CircuitBreakerPeriod (enum: CIRCUIT_BREAKER_PERIOD_UNSPECIFIED, CIRCUIT_BREAKER_PERIOD_HOUR, CIRCUIT_BREAKER_PERIOD_DAY ...)
   PrimaryTriggerType (enum: TRIGGER_TYPE_UNSPECIFIED, TRIGGER_TYPE_USER_PROFILE_CHANGE, TRIGGER_TYPE_APP_USER_CREATE ...)
C1ApiAutomationsV1AutomationServiceDeleteAutomationRequest (AutomationsDeleteAutomationRequest: AutomationsDeleteAutomationRequest, id: string)
 AutomationsDeleteAutomationRequest (empty)
C1ApiAutomationsV1AutomationServiceDeleteAutomationResponse (AutomationsDeleteAutomationResponse: AutomationsDeleteAutomationResponse, ContentType: string, StatusCode: int32 ...)
 AutomationsDeleteAutomationResponse (empty)
C1ApiAutomationsV1AutomationServiceExecuteAutomationRequest (ExecuteAutomationRequest: ExecuteAutomationRequest, id: string)
 ExecuteAutomationRequest (context: AutomationContext)
C1ApiAutomationsV1AutomationServiceExecuteAutomationResponse (ContentType: string, ExecuteAutomationResponse: ExecuteAutomationResponse, StatusCode: int32 ...)
 ExecuteAutomationResponse (executionId: integer)
C1ApiAutomationsV1AutomationServiceGetAutomationRequest (id: string)
C1ApiAutomationsV1AutomationServiceGetAutomationResponse (ContentType: string, GetAutomationResponse: GetAutomationResponse, StatusCode: int32 ...)
 GetAutomationResponse (automation: Automation)
C1ApiAutomationsV1AutomationServiceListAutomationsResponse (ContentType: string, ListAutomationsResponse: ListAutomationsResponse, StatusCode: int32 ...)
 ListAutomationsResponse (list: array, nextPageToken: string)
C1ApiAutomationsV1AutomationServiceResolvePausedAutomationExecutionsRequest (ResolvePausedAutomationExecutionsRequest: ResolvePausedAutomationExecutionsRequest, id: string)
 ResolvePausedAutomationExecutionsRequest (decision: enum, reason: string)
  ResolvePausedAutomationExecutionsRequestDecision (enum: PAUSED_EXECUTION_DECISION_UNSPECIFIED, PAUSED_EXECUTION_DECISION_RUN, PAUSED_EXECUTION_DECISION_CANCEL)
C1ApiAutomationsV1AutomationServiceResolvePausedAutomationExecutionsResponse (ContentType: string, ResolvePausedAutomationExecutionsResponse: ResolvePausedAutomationExecutionsResponse, StatusCode: int32 ...)
 ResolvePausedAutomationExecutionsResponse (bulkActionId: string, erroredCount: integer, pausedCount: integer)
C1ApiAutomationsV1AutomationServiceUpdateAutomationRequest (UpdateAutomationRequest: UpdateAutomationRequest, id: string)
 UpdateAutomationRequest (automation: Automation_input, updateMask: string)
  AutomationInput (annotations: map, appId: string, automationSteps: array ...)
C1ApiAutomationsV1AutomationServiceUpdateAutomationResponse (ContentType: string, StatusCode: int32, RawResponse: response ...)
 UpdateAutomationResponse (automation: Automation, webhookCapabilityUrl: string, webhookHmacSecret: string)
RequestCatalogManagement (SDK empty)
C1ApiRequestcatalogV1RequestCatalogManagementServiceAddAccessEntitlementsRequest (RequestCatalogManagementServiceAddAccessEntitlementsRequest: RequestCatalogManagementServiceAddAccessEntitlementsRequest, catalog_id: string)
 RequestCatalogManagementServiceAddAccessEntitlementsRequest (accessEntitlements: array)
C1ApiRequestcatalogV1RequestCatalogManagementServiceAddAccessEntitlementsResponse (ContentType: string, RequestCatalogManagementServiceAddAccessEntitlementsResponse: RequestCatalogManagementServiceAddAccessEntitlementsResponse, StatusCode: int32 ...)
 RequestCatalogManagementServiceAddAccessEntitlementsResponse (empty)
C1ApiRequestcatalogV1RequestCatalogManagementServiceAddAppEntitlementsRequest (RequestCatalogManagementServiceAddAppEntitlementsRequest: RequestCatalogManagementServiceAddAppEntitlementsRequest, catalog_id: string)
 RequestCatalogManagementServiceAddAppEntitlementsRequest (appEntitlements: array, createRequests: boolean)
C1ApiRequestcatalogV1RequestCatalogManagementServiceAddAppEntitlementsResponse (ContentType: string, RequestCatalogManagementServiceAddAppEntitlementsResponse: RequestCatalogManagementServiceAddAppEntitlementsResponse, StatusCode: int32 ...)
 RequestCatalogManagementServiceAddAppEntitlementsResponse (empty)
RequestCatalogManagementServiceCreateRequest (annotations: map, description: string, displayName: string ...)
 RequestCatalogManagementServiceCreateRequestEnrollmentBehavior (enum: REQUEST_CATALOG_ENROLLMENT_BEHAVIOR_UNSPECIFIED, REQUEST_CATALOG_ENROLLMENT_BEHAVIOR_BYPASS_ENTITLEMENT_REQUEST_POLICY, REQUEST_CATALOG_ENROLLMENT_BEHAVIOR_ENFORCE_ENTITLEMENT_REQUEST_POLICY)
 RequestCatalogExpandMask (paths: array)
 RequestCatalogManagementServiceCreateRequestUnenrollmentBehavior (enum: REQUEST_CATALOG_UNENROLLMENT_BEHAVIOR_UNSPECIFIED, REQUEST_CATALOG_UNENROLLMENT_BEHAVIOR_LEAVE_ACCESS_AS_IS, REQUEST_CATALOG_UNENROLLMENT_BEHAVIOR_REVOKE_ALL ...)
 RequestCatalogManagementServiceCreateRequestUnenrollmentEntitlementBehavior (enum: REQUEST_CATALOG_UNENROLLMENT_ENTITLEMENT_BEHAVIOR_UNSPECIFIED, REQUEST_CATALOG_UNENROLLMENT_ENTITLEMENT_BEHAVIOR_BYPASS, REQUEST_CATALOG_UNENROLLMENT_ENTITLEMENT_BEHAVIOR_ENFORCE)
C1ApiRequestcatalogV1RequestCatalogManagementServiceCreateResponse (ContentType: string, RequestCatalogManagementServiceGetResponse: RequestCatalogManagementServiceGetResponse, StatusCode: int32 ...)
 RequestCatalogManagementServiceGetResponse (expanded: array, requestCatalogView: RequestCatalogView)
   RequestCatalogManagementServiceGetResponseExpanded (@type: string, AdditionalProperties: map)
  RequestCatalogView (accessEntitlementsPath: string, createdByUserPath: string, memberCount: integer ...)
   RequestCatalog (accessEntitlements: array, annotations: map, createdAt: date-time ...)
    EnrollmentBehavior (enum: REQUEST_CATALOG_ENROLLMENT_BEHAVIOR_UNSPECIFIED, REQUEST_CATALOG_ENROLLMENT_BEHAVIOR_BYPASS_ENTITLEMENT_REQUEST_POLICY, REQUEST_CATALOG_ENROLLMENT_BEHAVIOR_ENFORCE_ENTITLEMENT_REQUEST_POLICY)
    UnenrollmentBehavior (enum: REQUEST_CATALOG_UNENROLLMENT_BEHAVIOR_UNSPECIFIED, REQUEST_CATALOG_UNENROLLMENT_BEHAVIOR_LEAVE_ACCESS_AS_IS, REQUEST_CATALOG_UNENROLLMENT_BEHAVIOR_REVOKE_ALL ...)
    UnenrollmentEntitlementBehavior (enum: REQUEST_CATALOG_UNENROLLMENT_ENTITLEMENT_BEHAVIOR_UNSPECIFIED, REQUEST_CATALOG_UNENROLLMENT_ENTITLEMENT_BEHAVIOR_BYPASS, REQUEST_CATALOG_UNENROLLMENT_ENTITLEMENT_BEHAVIOR_ENFORCE)
C1ApiRequestcatalogV1RequestCatalogManagementServiceCreateBundleAutomationRequest (CreateBundleAutomationRequest: CreateBundleAutomationRequest, request_catalog_id: string)
 CreateBundleAutomationRequest (cel: BundleAutomationRuleCEL, createTasks: boolean, disableCircuitBreaker: boolean ...)
  BundleAutomationRuleCel (expression: string)
  BundleAutomationRuleEntitlement (entitlementRefs: array)
C1ApiRequestcatalogV1RequestCatalogManagementServiceCreateBundleAutomationResponse (BundleAutomation: BundleAutomation, ContentType: string, StatusCode: int32 ...)
 BundleAutomation (cel: BundleAutomationRuleCEL, circuitBreaker: BundleAutomationCircuitBreaker, createTasks: boolean ...)
  BundleAutomationCircuitBreaker (removedMembersThresholdPercentage: integer, state: enum, updatedAt: date-time ...)
   BundleAutomationCircuitBreakerState (enum: CIRCUIT_BREAKER_STATE_UNSPECIFIED, CIRCUIT_BREAKER_STATE_TRIGGERED, CIRCUIT_BREAKER_STATE_BYPASS ...)
  BundleAutomationLastRunState (celEvaluation: BundleAutomationCelEvaluationState, errorMessage: string, lastRunAt: date-time ...)
   BundleAutomationCelEvaluationState (errorMessage: string, lastEvaluatedAt: date-time, matchedUsers: integer ...)
    BundleAutomationCelEvaluationStateStatus (enum: BUNDLE_AUTOMATION_RUN_STATUS_UNSPECIFIED, BUNDLE_AUTOMATION_RUN_STATUS_SUCCESS, BUNDLE_AUTOMATION_RUN_STATUS_FAILURE ...)
   BundleAutomationLastRunStateStatus (enum: BUNDLE_AUTOMATION_RUN_STATUS_UNSPECIFIED, BUNDLE_AUTOMATION_RUN_STATUS_SUCCESS, BUNDLE_AUTOMATION_RUN_STATUS_FAILURE ...)
C1ApiRequestcatalogV1RequestCatalogManagementServiceCreateRequestableEntryRequest (RequestCatalogManagementServiceCreateRequestableEntryRequest: RequestCatalogManagementServiceCreateRequestableEntryRequest, app_id: string, catalog_id: string ...)
 RequestCatalogManagementServiceCreateRequestableEntryRequest (createRequests: boolean)
C1ApiRequestcatalogV1RequestCatalogManagementServiceCreateRequestableEntryResponse (ContentType: string, RequestCatalogManagementServiceCreateRequestableEntryResponse: RequestCatalogManagementServiceCreateRequestableEntryResponse, StatusCode: int32 ...)
 RequestCatalogManagementServiceCreateRequestableEntryResponse (requestableEntry: RequestableEntry)
  RequestableEntry (appId: string, catalogId: string, entitlementId: string)
C1ApiRequestcatalogV1RequestCatalogManagementServiceDeleteRequest (RequestCatalogManagementServiceDeleteRequest: RequestCatalogManagementServiceDeleteRequest, id: string)
 RequestCatalogManagementServiceDeleteRequest (empty)
C1ApiRequestcatalogV1RequestCatalogManagementServiceDeleteResponse (ContentType: string, RequestCatalogManagementServiceDeleteResponse: RequestCatalogManagementServiceDeleteResponse, StatusCode: int32 ...)
 RequestCatalogManagementServiceDeleteResponse (empty)
C1ApiRequestcatalogV1RequestCatalogManagementServiceDeleteBundleAutomationRequest (DeleteBundleAutomationRequest: DeleteBundleAutomationRequest, request_catalog_id: string)
 DeleteBundleAutomationRequest (empty)
C1ApiRequestcatalogV1RequestCatalogManagementServiceDeleteBundleAutomationResponse (ContentType: string, DeleteBundleAutomationResponse: DeleteBundleAutomationResponse, StatusCode: int32 ...)
 DeleteBundleAutomationResponse (empty)
C1ApiRequestcatalogV1RequestCatalogManagementServiceDeleteRequestableEntryRequest (RequestCatalogManagementServiceDeleteRequestableEntryRequest: RequestCatalogManagementServiceDeleteRequestableEntryRequest, app_id: string, catalog_id: string ...)
 RequestCatalogManagementServiceDeleteRequestableEntryRequest (empty)
C1ApiRequestcatalogV1RequestCatalogManagementServiceDeleteRequestableEntryResponse (ContentType: string, RequestCatalogManagementServiceDeleteRequestableEntryResponse: RequestCatalogManagementServiceDeleteRequestableEntryResponse, StatusCode: int32 ...)
 RequestCatalogManagementServiceDeleteRequestableEntryResponse (empty)
C1ApiRequestcatalogV1RequestCatalogManagementServiceForceRunBundleAutomationRequest (ForceRunBundleAutomationRequest: ForceRunBundleAutomationRequest, request_catalog_id: string)
 ForceRunBundleAutomationRequest (refs: array)
C1ApiRequestcatalogV1RequestCatalogManagementServiceForceRunBundleAutomationResponse (ContentType: string, ForceRunBundleAutomationResponse: ForceRunBundleAutomationResponse, StatusCode: int32 ...)
 ForceRunBundleAutomationResponse (empty)
C1ApiRequestcatalogV1RequestCatalogManagementServiceGetRequest (id: string)
C1ApiRequestcatalogV1RequestCatalogManagementServiceGetResponse (ContentType: string, RequestCatalogManagementServiceGetResponse: RequestCatalogManagementServiceGetResponse, StatusCode: int32 ...)
C1ApiRequestcatalogV1RequestCatalogManagementServiceGetBundleAutomationRequest (request_catalog_id: string)
C1ApiRequestcatalogV1RequestCatalogManagementServiceGetBundleAutomationResponse (BundleAutomation: BundleAutomation, ContentType: string, StatusCode: int32 ...)
C1ApiRequestcatalogV1RequestCatalogManagementServiceGetRequestableEntryRequest (app_id: string, catalog_id: string, entitlement_id: string)
C1ApiRequestcatalogV1RequestCatalogManagementServiceGetRequestableEntryResponse (ContentType: string, RequestCatalogManagementServiceGetRequestableEntryResponse: RequestCatalogManagementServiceGetRequestableEntryResponse, StatusCode: int32 ...)
 RequestCatalogManagementServiceGetRequestableEntryResponse (requestableEntry: RequestableEntry)
C1ApiRequestcatalogV1RequestCatalogManagementServiceListRequest (page_size: int32, page_token: string)
C1ApiRequestcatalogV1RequestCatalogManagementServiceListResponse (ContentType: string, RequestCatalogManagementServiceListResponse: RequestCatalogManagementServiceListResponse, StatusCode: int32 ...)
 RequestCatalogManagementServiceListResponse (expanded: array, list: array, nextPageToken: string)
   RequestCatalogManagementServiceListResponseExpanded (@type: string, AdditionalProperties: map)
C1ApiRequestcatalogV1RequestCatalogManagementServiceListAllEntitlementIdsPerAppRequest (catalog_id: string)
C1ApiRequestcatalogV1RequestCatalogManagementServiceListAllEntitlementIdsPerAppResponse (ContentType: string, RequestCatalogManagementServiceListAllEntitlementIdsPerCatalogResponse: RequestCatalogManagementServiceListAllEntitlementIdsPerCatalogResponse, StatusCode: int32 ...)
 RequestCatalogManagementServiceListAllEntitlementIdsPerCatalogResponse (refs: array)
C1ApiRequestcatalogV1RequestCatalogManagementServiceListEntitlementsForAccessRequest (catalog_id: string, page_size: int32, page_token: string)
C1ApiRequestcatalogV1RequestCatalogManagementServiceListEntitlementsForAccessResponse (ContentType: string, RequestCatalogManagementServiceListEntitlementsForAccessResponse: RequestCatalogManagementServiceListEntitlementsForAccessResponse, StatusCode: int32 ...)
 RequestCatalogManagementServiceListEntitlementsForAccessResponse (expanded: array, list: array, nextPageToken: string)
   RequestCatalogManagementServiceListEntitlementsForAccessResponseExpanded (@type: string, AdditionalProperties: map)
C1ApiRequestcatalogV1RequestCatalogManagementServiceListEntitlementsPerCatalogRequest (catalog_id: string, page_size: int32, page_token: string)
C1ApiRequestcatalogV1RequestCatalogManagementServiceListEntitlementsPerCatalogResponse (ContentType: string, RequestCatalogManagementServiceListEntitlementsPerCatalogResponse: RequestCatalogManagementServiceListEntitlementsPerCatalogResponse, StatusCode: int32 ...)
 RequestCatalogManagementServiceListEntitlementsPerCatalogResponse (expanded: array, list: array, nextPageToken: string)
   RequestCatalogManagementServiceListEntitlementsPerCatalogResponseExpanded (@type: string, AdditionalProperties: map)
C1ApiRequestcatalogV1RequestCatalogManagementServiceRemoveAccessEntitlementsRequest (RequestCatalogManagementServiceRemoveAccessEntitlementsRequest: RequestCatalogManagementServiceRemoveAccessEntitlementsRequest, catalog_id: string)
 RequestCatalogManagementServiceRemoveAccessEntitlementsRequest (accessEntitlements: array)
C1ApiRequestcatalogV1RequestCatalogManagementServiceRemoveAccessEntitlementsResponse (ContentType: string, RequestCatalogManagementServiceRemoveAccessEntitlementsResponse: RequestCatalogManagementServiceRemoveAccessEntitlementsResponse, StatusCode: int32 ...)
 RequestCatalogManagementServiceRemoveAccessEntitlementsResponse (empty)
C1ApiRequestcatalogV1RequestCatalogManagementServiceRemoveAppEntitlementsRequest (RequestCatalogManagementServiceRemoveAppEntitlementsRequest: RequestCatalogManagementServiceRemoveAppEntitlementsRequest, catalog_id: string)
 RequestCatalogManagementServiceRemoveAppEntitlementsRequest (appEntitlements: array)
C1ApiRequestcatalogV1RequestCatalogManagementServiceRemoveAppEntitlementsResponse (ContentType: string, RequestCatalogManagementServiceRemoveAppEntitlementsResponse: RequestCatalogManagementServiceRemoveAppEntitlementsResponse, StatusCode: int32 ...)
 RequestCatalogManagementServiceRemoveAppEntitlementsResponse (empty)
C1ApiRequestcatalogV1RequestCatalogManagementServiceResumePausedBundleAutomationRequest (ResumePausedBundleAutomationRequest: ResumePausedBundleAutomationRequest, request_catalog_id: string)
 ResumePausedBundleAutomationRequest (empty)
C1ApiRequestcatalogV1RequestCatalogManagementServiceResumePausedBundleAutomationResponse (ContentType: string, ResumePausedBundleAutomationResponse: ResumePausedBundleAutomationResponse, StatusCode: int32 ...)
 ResumePausedBundleAutomationResponse (empty)
C1ApiRequestcatalogV1RequestCatalogManagementServiceSetBundleAutomationRequest (SetBundleAutomationRequest: SetBundleAutomationRequest, request_catalog_id: string)
 SetBundleAutomationRequest (cel: BundleAutomationRuleCEL, createTasks: boolean, disableCircuitBreaker: boolean ...)
C1ApiRequestcatalogV1RequestCatalogManagementServiceSetBundleAutomationResponse (BundleAutomation: BundleAutomation, ContentType: string, StatusCode: int32 ...)
C1ApiRequestcatalogV1RequestCatalogManagementServiceUpdateRequest (RequestCatalogManagementServiceUpdateRequest: RequestCatalogManagementServiceUpdateRequest, id: string)
 RequestCatalogManagementServiceUpdateRequest (catalog: RequestCatalog_input, expandMask: RequestCatalogExpandMask, updateMask: string)
  RequestCatalogInput (accessEntitlements: array, annotations: map, createdByUserId: string ...)
C1ApiRequestcatalogV1RequestCatalogManagementServiceUpdateResponse (ContentType: string, RequestCatalogManagementServiceGetResponse: RequestCatalogManagementServiceGetResponse, StatusCode: int32 ...)
C1ApiRequestcatalogV1RequestCatalogManagementServiceUpdateAppEntitlementsRequest (RequestCatalogManagementServiceUpdateAppEntitlementsRequest: RequestCatalogManagementServiceUpdateAppEntitlementsRequest, catalog_id: string)
 RequestCatalogManagementServiceUpdateAppEntitlementsRequest (appEntitlements: array)
C1ApiRequestcatalogV1RequestCatalogManagementServiceUpdateAppEntitlementsResponse (ContentType: string, RequestCatalogManagementServiceUpdateAppEntitlementsResponse: RequestCatalogManagementServiceUpdateAppEntitlementsResponse, StatusCode: int32 ...)
 RequestCatalogManagementServiceUpdateAppEntitlementsResponse (empty)
ConnectorAuthoringActivation (SDK empty)
ConnectorAuthoringServiceActivateRevisionRequest (approvalTokenId: string, catalogId: string, idempotencyKey: string ...)
C1ApiConnectorAuthoringV1ConnectorAuthoringActivationServiceActivateRevisionResponse (ConnectorAuthoringServiceActivateRevisionResponse: ConnectorAuthoringServiceActivateRevisionResponse, ContentType: string, StatusCode: int32 ...)
 ConnectorAuthoringServiceActivateRevisionResponse (activationEpoch: string, revisionId: string)
ConnectorAuthoringServiceRollbackRevisionRequest (approvalTokenId: string, catalogId: string, instanceAppId: string ...)
C1ApiConnectorAuthoringV1ConnectorAuthoringActivationServiceRollbackRevisionResponse (ConnectorAuthoringServiceRollbackRevisionResponse: ConnectorAuthoringServiceRollbackRevisionResponse, ContentType: string, StatusCode: int32 ...)
 ConnectorAuthoringServiceRollbackRevisionResponse (activationEpoch: string, revisionId: string)
ConnectorCatalog (SDK empty)
ConnectorCatalogServiceConfigurationSchemaRequest (appId: string, catalogId: string, connectorId: string)
C1ApiIntegrationConnectorV1ConnectorCatalogServiceConfigurationSchemaResponse (ConnectorCatalogServiceConfigurationSchemaResponse: ConnectorCatalogServiceConfigurationSchemaResponse, ContentType: string, StatusCode: int32 ...)
 ConnectorCatalogServiceConfigurationSchemaResponse (formSchema: RequestSchemaForm, schema: ConfigSchema)
  RequestSchemaForm (description: string, displayName: string, fieldGroups: array ...)
    FormFieldGroup (default: boolean, displayName: string, fields: array ...)
    FieldRelationship (atLeastOne: AtLeastOne, dependentOn: DependentOn, fieldNames: array ...)
     AtLeastOne (empty)
     DependentOn (dependencyFieldNames: array)
     MutuallyExclusive (empty)
     RequiredTogether (empty)
    FormField (adminConfig: AdminProviderConfig, boolField: BoolField, description: string ...)
     AdminProviderConfig (defaultValueCel: string, showToUser: boolean)
     BoolField (checkboxField: CheckboxField, defaultValue: boolean, rules: BoolRules ...)
      CheckboxField (empty)
      BoolRules (const: boolean)
      ToggleField (empty)
     FileField (acceptedFileTypes: array, fileInputField: FileInputField, maxFileSize: integer)
      FileInputField (empty)
     Int64Field (defaultValue: integer, numberField: NumberField, placeholder: string ...)
      NumberField (maxValue: integer, minValue: integer, step: integer)
      Int64Rules (const: integer, gt: integer, gte: integer ...)
     Oauth2Field1 (oauth2FieldView: Oauth2FieldView)
      Oauth2FieldView (empty)
     SharedProviderConfig (defaultValueCel: string, inputTransformationCel: string, lockDefaultValues: boolean)
     FormStringField (defaultValue: string, passwordField: PasswordField, pickerField: PickerField ...)
      PasswordField (empty)
      PickerField (appUserPicker: AppUserFilter, c1UserPicker: C1UserFilter, resourcePicker: AppResourceFilter)
       AppUserFilter (appId: string)
       C1UserFilter (empty)
       AppResourceFilter (appId: string, resourceTypeId: string)
      StringRules (address: boolean, const: string, contains: string ...)
       WellKnownRegex (enum: UNKNOWN, HTTP_HEADER_NAME, HTTP_HEADER_VALUE)
      SelectField (options: array, type: enum)
        SelectOption (description: string, displayName: string, value: string)
       SelectFieldType (enum: SELECT_TYPE_UNSPECIFIED, SELECT_TYPE_DROPDOWN, SELECT_TYPE_RADIO ...)
      TextField (multiline: boolean, suffix: string)
     FormStringMapField (defaultValue: map, rules: StringMapRules)
      StringMapRules (isRequired: boolean, validateEmpty: boolean)
     StringSliceField (chipsField: ChipsField, defaultValues: array, pickerField: PickerField ...)
      ChipsField (empty)
      RepeatedRules (ignoreEmpty: boolean, items: FieldRules, maxItems: string ...)
       FieldRules (any: AnyRules, bool: BoolRules, bytes: BytesRules ...)
        AnyRules (in: array, notIn: array, required: boolean)
        BytesRules (const: string, contains: string, ignoreEmpty: boolean ...)
        DoubleRules (const: number, gt: number, gte: number ...)
        DurationRules (const: string, gt: string, gte: string ...)
        EnumRules (const: int32, definedOnly: boolean, in: array ...)
        Fixed32Rules (const: integer, gt: integer, gte: integer ...)
        Fixed64Rules (const: string, gt: string, gte: string ...)
        FloatRules (const: number, gt: number, gte: number ...)
        Int32Rules (const: int32, gt: int32, gte: int32 ...)
        MapRules (ignoreEmpty: boolean, keys: FieldRules, maxPairs: string ...)
          MessageRules (required: boolean, skip: boolean)
          SFixed32Rules (const: int32, gt: int32, gte: int32 ...)
          SFixed64Rules (const: integer, gt: integer, gte: integer ...)
          SInt32Rules (const: int32, gt: int32, gte: int32 ...)
          SInt64Rules (const: integer, gt: integer, gte: integer ...)
          TimestampRules (const: date-time, gt: date-time, gtNow: boolean ...)
          UInt32Rules (const: integer, gt: integer, gte: integer ...)
          UInt64Rules (const: string, gt: string, gte: string ...)
     UserProviderConfig (inputTransformationCel: string)
  ConfigSchema (displayName: string, fieldGroups: array, fields: array ...)
    FieldGroup (default: boolean, displayName: string, fieldNames: array ...)
    Field (additionalPlaceholder: string, checkbox: ConnectorCheckboxField, dependsOnFields: array ...)
     ConnectorCheckboxField (checked: boolean)
     ImportField (allowedExtensions: array, secret: boolean, valueValidator: StringRules)
     KeyValueField (secret: boolean, supportsFileUpload: boolean)
     OAuth2Field (empty)
     OptionsField (empty)
     RandomStringField (length: int32)
     ReadOnlyField (empty)
     RotatableSecretField (empty)
     ConnectorSelectField (items: array)
       Item (displayName: string, value: string)
     StringField (secret: boolean, valueValidator: StringRules)
     StringListField (valueValidator: StringRules)
     StringMapField (optional: boolean)
     ConnectorTextField (secret: boolean, valueValidator: StringRules)
CredentialInventoryPolicy (SDK empty)
CredentialInventoryPolicyServiceCreateRequest (delegated: DelegatedConstraints, displayName: string, emailOtp: EmailOTPConstraints ...)
 DelegatedConstraints (googleEnabled: boolean, googleHostedDomains: array, microsoftEnabled: boolean ...)
 EmailOtpConstraints (codeLength: int32, maxAttempts: int32, ttlSeconds: int32)
  CredentialInventoryPolicyServiceCreateRequestEnabledTypes (enum: CREDENTIAL_TYPE_UNSPECIFIED, CREDENTIAL_TYPE_PASSKEY, CREDENTIAL_TYPE_PASSWORD ...)
 PasskeyConstraints (allowedAaguids: array, attestation: enum, requireUserVerification: boolean)
  Attestation (enum: ATTESTATION_REQUIREMENT_UNSPECIFIED, ATTESTATION_REQUIREMENT_NONE, ATTESTATION_REQUIREMENT_INDIRECT ...)
 PasswordConstraints (checkBreached: boolean, historyDepth: int32, minLength: int32 ...)
 TotpConstraints (codeLength: int32, periodSeconds: int32, skewTolerance: int32)
C1ApiCredentialInventoryV1CredentialInventoryPolicyServiceCreateResponse (ContentType: string, CredentialInventoryPolicyServiceCreateResponse: CredentialInventoryPolicyServiceCreateResponse, StatusCode: int32 ...)
 CredentialInventoryPolicyServiceCreateResponse (credentialInventoryPolicy: CredentialInventoryPolicy)
  CredentialInventoryPolicy (createdAt: date-time, delegated: DelegatedConstraints, deletedAt: date-time ...)
    EnabledTypes (enum: CREDENTIAL_TYPE_UNSPECIFIED, CREDENTIAL_TYPE_PASSKEY, CREDENTIAL_TYPE_PASSWORD ...)
C1ApiCredentialInventoryV1CredentialInventoryPolicyServiceDeleteRequest (CredentialInventoryPolicyServiceDeleteRequest: CredentialInventoryPolicyServiceDeleteRequest, id: string)
 CredentialInventoryPolicyServiceDeleteRequest (empty)
C1ApiCredentialInventoryV1CredentialInventoryPolicyServiceDeleteResponse (ContentType: string, CredentialInventoryPolicyServiceDeleteResponse: CredentialInventoryPolicyServiceDeleteResponse, StatusCode: int32 ...)
 CredentialInventoryPolicyServiceDeleteResponse (empty)
C1ApiCredentialInventoryV1CredentialInventoryPolicyServiceGetRequest (id: string)
C1ApiCredentialInventoryV1CredentialInventoryPolicyServiceGetResponse (ContentType: string, CredentialInventoryPolicyServiceGetResponse: CredentialInventoryPolicyServiceGetResponse, StatusCode: int32 ...)
 CredentialInventoryPolicyServiceGetResponse (credentialInventoryPolicy: CredentialInventoryPolicy)
C1ApiCredentialInventoryV1CredentialInventoryPolicyServiceListRequest (page_size: int32, page_token: string)
C1ApiCredentialInventoryV1CredentialInventoryPolicyServiceListResponse (ContentType: string, CredentialInventoryPolicyServiceListResponse: CredentialInventoryPolicyServiceListResponse, StatusCode: int32 ...)
 CredentialInventoryPolicyServiceListResponse (list: array, nextPageToken: string)
CredentialInventoryPolicyServiceSearchRequest (pageSize: int32, pageToken: string, query: string ...)
  CredentialInventoryPolicyRef (id: string)
C1ApiCredentialInventoryV1CredentialInventoryPolicyServiceSearchResponse (ContentType: string, CredentialInventoryPolicyServiceSearchResponse: CredentialInventoryPolicyServiceSearchResponse, StatusCode: int32 ...)
 CredentialInventoryPolicyServiceSearchResponse (list: array, nextPageToken: string)
C1ApiCredentialInventoryV1CredentialInventoryPolicyServiceUpdateRequest (CredentialInventoryPolicyServiceUpdateRequest: CredentialInventoryPolicyServiceUpdateRequest, id: string)
 CredentialInventoryPolicyServiceUpdateRequest (credentialInventoryPolicy: CredentialInventoryPolicy_input, updateMask: string)
  CredentialInventoryPolicyInput (delegated: DelegatedConstraints, displayName: string, emailOtp: EmailOTPConstraints ...)
C1ApiCredentialInventoryV1CredentialInventoryPolicyServiceUpdateResponse (ContentType: string, CredentialInventoryPolicyServiceUpdateResponse: CredentialInventoryPolicyServiceUpdateResponse, StatusCode: int32 ...)
 CredentialInventoryPolicyServiceUpdateResponse (credentialInventoryPolicy: CredentialInventoryPolicy)
Decoy (SDK empty)
DecoyServiceCreateRequest (accessToken: DecoyAccessTokenInput, annotations: map, connectorClient: DecoyConnectorClientInput ...)
 DecoyAccessTokenInput (expiresIn: string, subjectUserId: string)
 DecoyConnectorClientInput (empty)
 DecoyUserClientCredentialInput (userId: string)
 DecoyWorkloadFederationInput (conditionExpression: string, providerId: string, servicePrincipalUserId: string)
C1ApiDecoyV1DecoyServiceCreateResponse (ContentType: string, DecoyServiceCreateResponse: DecoyServiceCreateResponse, StatusCode: int32 ...)
 DecoyServiceCreateResponse (decoy: Decoy, material: DecoyVendingMaterial)
  Decoy (annotations: map, createdAt: date-time, description: string ...)
   Kind (enum: DECOY_KIND_UNSPECIFIED, DECOY_KIND_USER_CLIENT_CREDENTIAL, DECOY_KIND_CONNECTOR_CLIENT ...)
  DecoyVendingMaterial (accessToken: DecoyAccessTokenMaterial, clientCredential: DecoyClientCredentialMaterial, workloadFederation: DecoyWorkloadFederationMaterial)
   DecoyAccessTokenMaterial (accessToken: string)
   DecoyClientCredentialMaterial (clientId: string, clientSecret: string)
   DecoyWorkloadFederationMaterial (workloadFederationTrustId: string)
C1ApiDecoyV1DecoyServiceDeleteRequest (DecoyServiceDeleteRequest: DecoyServiceDeleteRequest, id: string)
 DecoyServiceDeleteRequest (empty)
C1ApiDecoyV1DecoyServiceDeleteResponse (ContentType: string, DecoyServiceDeleteResponse: DecoyServiceDeleteResponse, StatusCode: int32 ...)
 DecoyServiceDeleteResponse (empty)
C1ApiDecoyV1DecoyServiceGetRequest (id: string)
C1ApiDecoyV1DecoyServiceGetResponse (ContentType: string, DecoyServiceGetResponse: DecoyServiceGetResponse, StatusCode: int32 ...)
 DecoyServiceGetResponse (decoy: Decoy)
C1ApiDecoyV1DecoyServiceListResponse (ContentType: string, DecoyServiceListResponse: DecoyServiceListResponse, StatusCode: int32 ...)
 DecoyServiceListResponse (list: array, nextPageToken: string)
C1ApiDecoyV1DecoyServiceRotateRequest (DecoyServiceRotateRequest: DecoyServiceRotateRequest, id: string)
 DecoyServiceRotateRequest (empty)
C1ApiDecoyV1DecoyServiceRotateResponse (ContentType: string, DecoyServiceRotateResponse: DecoyServiceRotateResponse, StatusCode: int32 ...)
 DecoyServiceRotateResponse (decoy: Decoy, material: DecoyVendingMaterial)
C1ApiDecoyV1DecoyServiceUpdateRequest (DecoyServiceUpdateRequest: DecoyServiceUpdateRequest, id: string)
 DecoyServiceUpdateRequest (decoy: Decoy_input, updateMask: string)
  DecoyInput (annotations: map, description: string, disabled: boolean ...)
C1ApiDecoyV1DecoyServiceUpdateResponse (ContentType: string, DecoyServiceUpdateResponse: DecoyServiceUpdateResponse, StatusCode: int32 ...)
 DecoyServiceUpdateResponse (decoy: Decoy)
DecoySearch (SDK empty)
DecoySearchRequest (annotationKeys: array, hasBeenUsed: boolean, kinds: array ...)
  Kinds (enum: DECOY_KIND_UNSPECIFIED, DECOY_KIND_USER_CLIENT_CREDENTIAL, DECOY_KIND_CONNECTOR_CLIENT ...)
  Statuses (enum: DECOY_STATUS_FILTER_UNSPECIFIED, DECOY_STATUS_FILTER_ACTIVE, DECOY_STATUS_FILTER_DISABLED)
C1ApiDecoyV1DecoySearchServiceSearchResponse (ContentType: string, DecoySearchResponse: DecoySearchResponse, StatusCode: int32 ...)
 DecoySearchResponse (list: array, nextPageToken: string)
Directory (SDK empty)
DirectoryServiceCreateRequest (all: DirectoryAccountFilterAll, appId: string, celExpression: DirectoryAccountFilterCel ...)
 DirectoryAccountFilterAll (empty)
 DirectoryAccountFilterCel (expression: string)
 DirectoryExpandMask (paths: array)
 DirectoryMergeConfig (matchCases: array)
   DirectoryMergeMatchCase (appUserKeyCel: string, userKeyCel: string)
C1ApiDirectoryV1DirectoryServiceCreateResponse (ContentType: string, DirectoryServiceCreateResponse: DirectoryServiceCreateResponse, StatusCode: int32 ...)
 DirectoryServiceCreateResponse (directoryView: DirectoryView, expanded: array)
  DirectoryView (appPath: string, directory: Directory)
   Directory (all: DirectoryAccountFilterAll, appId: string, celExpression: DirectoryAccountFilterCel ...)
   DirectoryServiceCreateResponseExpanded (@type: string, AdditionalProperties: map)
C1ApiDirectoryV1DirectoryServiceDeleteRequest (DirectoryServiceDeleteRequest: DirectoryServiceDeleteRequest, app_id: string)
 DirectoryServiceDeleteRequest (empty)
C1ApiDirectoryV1DirectoryServiceDeleteResponse (ContentType: string, DirectoryServiceDeleteResponse: DirectoryServiceDeleteResponse, StatusCode: int32 ...)
 DirectoryServiceDeleteResponse (empty)
C1ApiDirectoryV1DirectoryServiceGetRequest (app_id: string)
C1ApiDirectoryV1DirectoryServiceGetResponse (ContentType: string, DirectoryServiceGetResponse: DirectoryServiceGetResponse, StatusCode: int32 ...)
 DirectoryServiceGetResponse (directoryView: DirectoryView, expanded: array)
   DirectoryServiceGetResponseExpanded (@type: string, AdditionalProperties: map)
C1ApiDirectoryV1DirectoryServiceListRequest (page_size: int32, page_token: string)
C1ApiDirectoryV1DirectoryServiceListResponse (ContentType: string, DirectoryServiceListResponse: DirectoryServiceListResponse, StatusCode: int32 ...)
 DirectoryServiceListResponse (expanded: array, list: array, nextPageToken: string)
   DirectoryServiceListResponseExpanded (@type: string, AdditionalProperties: map)
C1ApiDirectoryV1DirectoryServiceUpdateRequest (DirectoryServiceUpdateRequest: DirectoryServiceUpdateRequest, app_id: string)
 DirectoryServiceUpdateRequest (all: DirectoryAccountFilterAll, celExpression: DirectoryAccountFilterCel, expandMask: DirectoryExpandMask ...)
C1ApiDirectoryV1DirectoryServiceUpdateResponse (ContentType: string, DirectoryServiceUpdateResponse: DirectoryServiceUpdateResponse, StatusCode: int32 ...)
 DirectoryServiceUpdateResponse (directoryView: DirectoryView, expanded: array)
   DirectoryServiceUpdateResponseExpanded (@type: string, AdditionalProperties: map)
Finding (SDK empty)
BulkCreateFindingTasksRequest (policyId: string, refs: array, searchRequest: FindingSearchRequest)
  FindingRef (id: string)
 FindingSearchRequest (appIds: array, appResourceIds: array, appResourceTraitIds: array ...)
   FindingSearchRequestAppUserTypes (enum: APP_USER_TYPE_UNSPECIFIED, APP_USER_TYPE_USER, APP_USER_TYPE_SERVICE_ACCOUNT ...)
   FindingTypes (enum: FINDING_TYPE_UNSPECIFIED, FINDING_TYPE_SIMILAR_USERNAME_MATCH, FINDING_TYPE_SERVICE_ACCOUNT_MISCLASSIFICATION ...)
   NhiTypes (enum: NHI_TYPE_UNSPECIFIED, NHI_TYPE_APP_REGISTRATION, NHI_TYPE_ASSUMABLE_ROLE ...)
   Severities (enum: FINDING_SEVERITY_UNSPECIFIED, FINDING_SEVERITY_INFO, FINDING_SEVERITY_LOW ...)
   SourceKinds (enum: FINDING_SOURCE_KIND_UNSPECIFIED, FINDING_SOURCE_KIND_DETECTOR, FINDING_SOURCE_KIND_EXTERNAL)
   States (enum: FINDING_STATE_UNSPECIFIED, FINDING_STATE_OPEN, FINDING_STATE_IN_PROGRESS ...)
C1ApiFindingV1FindingServiceBulkCreateFindingTasksResponse (BulkCreateFindingTasksResponse: BulkCreateFindingTasksResponse, ContentType: string, StatusCode: int32 ...)
 BulkCreateFindingTasksResponse (bulkActionId: string)
BulkUpdateFindingStateRequest (acceptRisk: BulkAcceptRiskAction, assignOwner: BulkAssignOwnerAction, refs: array ...)
 BulkAcceptRiskAction (expiresAt: date-time, justification: string)
 BulkAssignOwnerAction (owner: FindingOwnerRef)
  FindingOwnerRef (appOwnerAppId: string, identityUserId: string, managerOfUserId: string ...)
 BulkReopenAction (empty)
 BulkSnoozeAction (reason: string, snoozeUntil: date-time)
 BulkSuppressAction (reason: string)
 BulkUnsuppressAction (empty)
C1ApiFindingV1FindingServiceBulkUpdateFindingStateResponse (BulkUpdateFindingStateResponse: BulkUpdateFindingStateResponse, ContentType: string, StatusCode: int32 ...)
 BulkUpdateFindingStateResponse (bulkActionId: string)
CreateFindingRequest (annotations: map, appResourceTarget: AppResourceTarget, appUserTarget: AppUserTarget ...)
 AppResourceTarget (appId: string, appResourceId: string, appResourceTypeId: string)
 AppUserTarget (appId: string, appUserId: string)
 ConnectorTarget (appId: string, connectorId: string)
 DecoyTarget (decoyId: string)
 IdentityUserTarget (identityUserId: string)
 Severity (enum: FINDING_SEVERITY_UNSPECIFIED, FINDING_SEVERITY_INFO, FINDING_SEVERITY_LOW ...)
 TenantTarget (empty)
C1ApiFindingV1FindingServiceCreateFindingResponse (ContentType: string, CreateFindingResponse: CreateFindingResponse, StatusCode: int32 ...)
 CreateFindingResponse (finding: Finding)
  Finding (appId: string, appResourceTarget: AppResourceTarget, appUserTarget: AppUserTarget ...)
   ConnectorAnomalyDetectionDisabledType (empty)
   CustomFindingType (empty)
   DecoyCredentialUsedType (decoyId: string, kind: enum)
    DecoyCredentialUsedTypeKind (enum: DECOY_CREDENTIAL_KIND_UNSPECIFIED, DECOY_CREDENTIAL_KIND_USER_CLIENT_CREDENTIAL, DECOY_CREDENTIAL_KIND_CONNECTOR_CLIENT ...)
   NhiUnownedType (empty)
   FindingRiskScore (originalScore: integer, overrideByUserId: string, overrideScore: integer ...)
     FindingRiskFactor (description: string, name: string, severity: enum ...)
      FindingRiskFactorSeverity (enum: FINDING_SEVERITY_UNSPECIFIED, FINDING_SEVERITY_INFO, FINDING_SEVERITY_LOW ...)
   ServiceAccountMisclassificationType (currentAccountType: enum, detectedAccountType: enum)
    CurrentAccountType (enum: APP_USER_TYPE_UNSPECIFIED, APP_USER_TYPE_USER, APP_USER_TYPE_SERVICE_ACCOUNT ...)
    DetectedAccountType (enum: APP_USER_TYPE_UNSPECIFIED, APP_USER_TYPE_USER, APP_USER_TYPE_SERVICE_ACCOUNT ...)
   ServiceAccountMisclassificationEvidence (detectionReason: string)
   ServiceAccountUnownedType (empty)
   FindingSeverity (enum: FINDING_SEVERITY_UNSPECIFIED, FINDING_SEVERITY_INFO, FINDING_SEVERITY_LOW ...)
   SimilarUsernameMatchType (proposedIdentityUserId: string)
   SimilarUsernameMatchEvidence (appUsername: string, identityUsername: string, similarityScore: number)
   SourceKind (enum: FINDING_SOURCE_KIND_UNSPECIFIED, FINDING_SOURCE_KIND_DETECTOR, FINDING_SOURCE_KIND_EXTERNAL)
   FindingState (enum: FINDING_STATE_UNSPECIFIED, FINDING_STATE_OPEN, FINDING_STATE_IN_PROGRESS ...)
C1ApiFindingV1FindingServiceCreateFindingTaskRequest (CreateFindingTaskRequest: CreateFindingTaskRequest, finding_id: string)
 CreateFindingTaskRequest (policyId: string)
C1ApiFindingV1FindingServiceCreateFindingTaskResponse (ContentType: string, CreateFindingTaskResponse: CreateFindingTaskResponse, StatusCode: int32 ...)
 CreateFindingTaskResponse (finding: Finding, taskId: string)
C1ApiFindingV1FindingServiceGetFindingRequest (id: string)
C1ApiFindingV1FindingServiceGetFindingResponse (ContentType: string, GetFindingResponse: GetFindingResponse, StatusCode: int32 ...)
 GetFindingResponse (expanded: array, finding: Finding)
   GetFindingResponseExpanded (@type: string, AdditionalProperties: map)
C1ApiFindingV1FindingServiceUpdateFindingStateRequest (UpdateFindingStateRequest: UpdateFindingStateRequest, finding_id: string)
 UpdateFindingStateRequest (acceptRisk: AcceptRiskAction, reopen: ReopenAction, resolve: ResolveAction ...)
  AcceptRiskAction (expiresAt: date-time, justification: string)
  ReopenAction (empty)
  ResolveAction (reason: string)
  SnoozeAction (reason: string, snoozeUntil: date-time)
  SuppressStateAction (reason: string)
  UnsuppressAction (empty)
C1ApiFindingV1FindingServiceUpdateFindingStateResponse (ContentType: string, StatusCode: int32, RawResponse: response ...)
 UpdateFindingStateResponse (finding: Finding)
FindingRoutingRule (SDK empty)
CreateFindingRoutingRuleRequest (routingRule: FindingRoutingRule)
 FindingRoutingRule (action: FindingRoutingRuleAction, appId: string, condition: string ...)
  FindingRoutingRuleAction (acceptRisk: AcceptRiskRoutingAction, createTask: CreateTaskAction, snooze: SnoozeRoutingAction ...)
   AcceptRiskRoutingAction (duration: string, reason: string)
   CreateTaskAction (policyId: string)
   SnoozeRoutingAction (duration: string, reason: string)
   SuppressRoutingAction (reason: string)
C1ApiFindingV1FindingRoutingRuleServiceCreateFindingRoutingRuleResponse (ContentType: string, CreateFindingRoutingRuleResponse: CreateFindingRoutingRuleResponse, StatusCode: int32 ...)
 CreateFindingRoutingRuleResponse (routingRule: FindingRoutingRule)
C1ApiFindingV1FindingRoutingRuleServiceDeleteFindingRoutingRuleRequest (DeleteFindingRoutingRuleRequest: DeleteFindingRoutingRuleRequest, id: string)
 DeleteFindingRoutingRuleRequest (empty)
C1ApiFindingV1FindingRoutingRuleServiceDeleteFindingRoutingRuleResponse (ContentType: string, DeleteFindingRoutingRuleResponse: DeleteFindingRoutingRuleResponse, StatusCode: int32 ...)
 DeleteFindingRoutingRuleResponse (empty)
C1ApiFindingV1FindingRoutingRuleServiceGetFindingRoutingRuleRequest (id: string)
C1ApiFindingV1FindingRoutingRuleServiceGetFindingRoutingRuleResponse (ContentType: string, GetFindingRoutingRuleResponse: GetFindingRoutingRuleResponse, StatusCode: int32 ...)
 GetFindingRoutingRuleResponse (routingRule: FindingRoutingRule)
C1ApiFindingV1FindingRoutingRuleServiceListFindingRoutingRulesResponse (ContentType: string, ListFindingRoutingRulesResponse: ListFindingRoutingRulesResponse, StatusCode: int32 ...)
 ListFindingRoutingRulesResponse (list: array, nextPageToken: string)
C1ApiFindingV1FindingRoutingRuleServiceUpdateFindingRoutingRuleRequest (UpdateFindingRoutingRuleRequest: UpdateFindingRoutingRuleRequest, routing_rule_id: string)
 UpdateFindingRoutingRuleRequest (routingRule: FindingRoutingRule)
C1ApiFindingV1FindingRoutingRuleServiceUpdateFindingRoutingRuleResponse (ContentType: string, StatusCode: int32, RawResponse: response ...)
 UpdateFindingRoutingRuleResponse (routingRule: FindingRoutingRule)
FindingSearch (SDK empty)
C1ApiFindingV1FindingSearchServiceSearchResponse (ContentType: string, FindingSearchResponse: FindingSearchResponse, StatusCode: int32 ...)
 FindingSearchResponse (list: array, nextPageToken: string)
FindingTransformationRule (SDK empty)
CreateFindingTransformationRuleRequest (transformationRule: FindingTransformationRule)
 FindingTransformationRule (appId: string, condition: string, createdAt: date-time ...)
   FindingTransform (removeTags: RemoveTags, setSeverity: SetSeverity, setTags: SetTags)
    RemoveTags (keys: array)
    SetSeverity (severity: enum)
     SetSeveritySeverity (enum: FINDING_SEVERITY_UNSPECIFIED, FINDING_SEVERITY_INFO, FINDING_SEVERITY_LOW ...)
    SetTags (tags: map)
C1ApiFindingV1FindingTransformationRuleServiceCreateFindingTransformationRuleResponse (ContentType: string, CreateFindingTransformationRuleResponse: CreateFindingTransformationRuleResponse, StatusCode: int32 ...)
 CreateFindingTransformationRuleResponse (transformationRule: FindingTransformationRule)
C1ApiFindingV1FindingTransformationRuleServiceDeleteFindingTransformationRuleRequest (DeleteFindingTransformationRuleRequest: DeleteFindingTransformationRuleRequest, id: string)
 DeleteFindingTransformationRuleRequest (empty)
C1ApiFindingV1FindingTransformationRuleServiceDeleteFindingTransformationRuleResponse (ContentType: string, DeleteFindingTransformationRuleResponse: DeleteFindingTransformationRuleResponse, StatusCode: int32 ...)
 DeleteFindingTransformationRuleResponse (empty)
C1ApiFindingV1FindingTransformationRuleServiceGetFindingTransformationRuleRequest (id: string)
C1ApiFindingV1FindingTransformationRuleServiceGetFindingTransformationRuleResponse (ContentType: string, GetFindingTransformationRuleResponse: GetFindingTransformationRuleResponse, StatusCode: int32 ...)
 GetFindingTransformationRuleResponse (transformationRule: FindingTransformationRule)
C1ApiFindingV1FindingTransformationRuleServiceListFindingTransformationRulesResponse (ContentType: string, ListFindingTransformationRulesResponse: ListFindingTransformationRulesResponse, StatusCode: int32 ...)
 ListFindingTransformationRulesResponse (list: array, nextPageToken: string)
C1ApiFindingV1FindingTransformationRuleServiceUpdateFindingTransformationRuleRequest (UpdateFindingTransformationRuleRequest: UpdateFindingTransformationRuleRequest, transformation_rule_id: string)
 UpdateFindingTransformationRuleRequest (transformationRule: FindingTransformationRule)
C1ApiFindingV1FindingTransformationRuleServiceUpdateFindingTransformationRuleResponse (ContentType: string, StatusCode: int32, RawResponse: response ...)
 UpdateFindingTransformationRuleResponse (transformationRule: FindingTransformationRule)
Functions (SDK empty)
C1ApiFunctionsV1FunctionsServiceCreateFinalCommitRequest (FunctionsServiceCreateFinalCommitRequest: FunctionsServiceCreateFinalCommitRequest, commit_id: string, function_id: string)
 FunctionsServiceCreateFinalCommitRequest (empty)
C1ApiFunctionsV1FunctionsServiceCreateFinalCommitResponse (ContentType: string, FunctionsServiceCreateFinalCommitResponse: FunctionsServiceCreateFinalCommitResponse, StatusCode: int32 ...)
 FunctionsServiceCreateFinalCommitResponse (commit: FunctionCommit)
  FunctionCommit (author: string, createdAt: date-time, functionId: string ...)
FunctionsServiceCreateFunctionRequest (commitMessage: string, description: string, displayName: string ...)
 FunctionsServiceCreateFunctionRequestFunctionType (enum: FUNCTION_TYPE_UNSPECIFIED, FUNCTION_TYPE_ANY, FUNCTION_TYPE_CODE_MODE)
C1ApiFunctionsV1FunctionsServiceCreateFunctionResponse (ContentType: string, FunctionsServiceCreateFunctionResponse: FunctionsServiceCreateFunctionResponse, StatusCode: int32 ...)
 FunctionsServiceCreateFunctionResponse (commit: FunctionCommit, function: Function)
  Function (createdAt: date-time, deletedAt: date-time, description: string ...)
   FunctionType (enum: FUNCTION_TYPE_UNSPECIFIED, FUNCTION_TYPE_ANY, FUNCTION_TYPE_CODE_MODE)
C1ApiFunctionsV1FunctionsServiceCreateInitialCommitRequest (FunctionsServiceCreateInitialCommitRequest: FunctionsServiceCreateInitialCommitRequest, function_id: string)
 FunctionsServiceCreateInitialCommitRequest (commitMessage: string, filenames: array)
C1ApiFunctionsV1FunctionsServiceCreateInitialCommitResponse (ContentType: string, FunctionsServiceCreateInitialCommitResponse: FunctionsServiceCreateInitialCommitResponse, StatusCode: int32 ...)
 FunctionsServiceCreateInitialCommitResponse (commitId: string, uploadUrls: map)
C1ApiFunctionsV1FunctionsServiceCreateTagRequest (FunctionsServiceCreateTagRequest: FunctionsServiceCreateTagRequest, function_id: string)
 FunctionsServiceCreateTagRequest (commitId: string, name: string)
C1ApiFunctionsV1FunctionsServiceCreateTagResponse (ContentType: string, FunctionsServiceCreateTagResponse: FunctionsServiceCreateTagResponse, StatusCode: int32 ...)
 FunctionsServiceCreateTagResponse (empty)
C1ApiFunctionsV1FunctionsServiceDeleteFunctionRequest (FunctionsServiceDeleteFunctionRequest: FunctionsServiceDeleteFunctionRequest, id: string)
 FunctionsServiceDeleteFunctionRequest (empty)
C1ApiFunctionsV1FunctionsServiceDeleteFunctionResponse (ContentType: string, FunctionsServiceDeleteFunctionResponse: FunctionsServiceDeleteFunctionResponse, StatusCode: int32 ...)
 FunctionsServiceDeleteFunctionResponse (empty)
C1ApiFunctionsV1FunctionsServiceGetCommitContentRequest (function_id: string, id: string)
C1ApiFunctionsV1FunctionsServiceGetCommitContentResponse (ContentType: string, FunctionsServiceGetCommitContentResponse: FunctionsServiceGetCommitContentResponse, StatusCode: int32 ...)
 FunctionsServiceGetCommitContentResponse (commit: FunctionCommit, files: map)
C1ApiFunctionsV1FunctionsServiceGetFunctionRequest (id: string)
C1ApiFunctionsV1FunctionsServiceGetFunctionResponse (ContentType: string, FunctionsServiceGetFunctionResponse: FunctionsServiceGetFunctionResponse, StatusCode: int32 ...)
 FunctionsServiceGetFunctionResponse (function: Function)
C1ApiFunctionsV1FunctionsServiceGetLockFileRequest (commit_id: string, function_id: string)
C1ApiFunctionsV1FunctionsServiceGetLockFileResponse (ContentType: string, FunctionsServiceGetLockFileResponse: FunctionsServiceGetLockFileResponse, StatusCode: int32 ...)
 FunctionsServiceGetLockFileResponse (content: string, exists: boolean)
C1ApiFunctionsV1FunctionsServiceInvokeRequest (FunctionsServiceInvokeRequest: FunctionsServiceInvokeRequest, function_id: string)
 FunctionsServiceInvokeRequest (commitId: string, json: string, vfsId: string)
C1ApiFunctionsV1FunctionsServiceInvokeResponse (ContentType: string, FunctionsServiceInvokeResponse: FunctionsServiceInvokeResponse, StatusCode: int32 ...)
 FunctionsServiceInvokeResponse (invocationId: string, json: string)
C1ApiFunctionsV1FunctionsServiceListCommitsRequest (function_id: string)
C1ApiFunctionsV1FunctionsServiceListCommitsResponse (ContentType: string, FunctionsServiceListCommitsResponse: FunctionsServiceListCommitsResponse, StatusCode: int32 ...)
 FunctionsServiceListCommitsResponse (list: array, nextPageToken: string)
C1ApiFunctionsV1FunctionsServiceListFunctionsResponse (ContentType: string, FunctionsServiceListFunctionsResponse: FunctionsServiceListFunctionsResponse, StatusCode: int32 ...)
 FunctionsServiceListFunctionsResponse (list: array, nextPageToken: string)
C1ApiFunctionsV1FunctionsServiceListTagsRequest (function_id: string)
C1ApiFunctionsV1FunctionsServiceListTagsResponse (ContentType: string, FunctionsServiceListTagsResponse: FunctionsServiceListTagsResponse, StatusCode: int32 ...)
 FunctionsServiceListTagsResponse (tags: map)
C1ApiFunctionsV1FunctionsServiceTestRequest (FunctionsServiceTestRequest: FunctionsServiceTestRequest, function_id: string)
 FunctionsServiceTestRequest (commitId: string)
C1ApiFunctionsV1FunctionsServiceTestResponse (ContentType: string, FunctionsServiceTestResponse: FunctionsServiceTestResponse, StatusCode: int32 ...)
 FunctionsServiceTestResponse (result: FunctionTestResult, results: array)
  FunctionTestResult (assertions: array, error: string, logs: array ...)
    FunctionTestResultAssertion (actual: string, at: string, description: string ...)
    FunctionTestResultLog (level: string, log: string, source: string)
   FunctionTestResultStatus (enum: FUNCTION_TEST_RESULT_STATUS_UNSPECIFIED, FUNCTION_TEST_RESULT_STATUS_OK, FUNCTION_TEST_RESULT_STATUS_FAIL ...)
FunctionsServiceUpdateFunctionRequest (function: Function_input, updateMask: string)
 FunctionInput (description: string, displayName: string, functionType: enum ...)
C1ApiFunctionsV1FunctionsServiceUpdateFunctionResponse (ContentType: string, FunctionsServiceUpdateFunctionResponse: FunctionsServiceUpdateFunctionResponse, StatusCode: int32 ...)
 FunctionsServiceUpdateFunctionResponse (function: Function)
FunctionsInvocation (SDK empty)
C1ApiFunctionsV1FunctionsInvocationServiceGetRequest (function_id: string, id: string)
C1ApiFunctionsV1FunctionsInvocationServiceGetResponse (ContentType: string, FunctionsInvocationServiceGetResponse: FunctionsInvocationServiceGetResponse, StatusCode: int32 ...)
 FunctionsInvocationServiceGetResponse (invocation: FunctionInvocation)
  FunctionInvocation (commitId: string, createdAt: date-time, error: string ...)
   FunctionInvocationStatus (enum: FUNCTION_INVOCATION_STATUS_UNSPECIFIED, FUNCTION_INVOCATION_STATUS_PENDING, FUNCTION_INVOCATION_STATUS_RUNNING ...)
C1ApiFunctionsV1FunctionsInvocationServiceListRequest (function_id: string)
C1ApiFunctionsV1FunctionsInvocationServiceListResponse (ContentType: string, FunctionsInvocationServiceListResponse: FunctionsInvocationServiceListResponse, StatusCode: int32 ...)
 FunctionsInvocationServiceListResponse (list: array, nextPageToken: string)
FunctionsInvocationSearch (SDK empty)
C1ApiFunctionsV1FunctionsInvocationSearchServiceSearchRequest (FunctionsInvocationSearchRequest: FunctionsInvocationSearchRequest, function_id: string)
 FunctionsInvocationSearchRequest (pageSize: int32, pageToken: string)
C1ApiFunctionsV1FunctionsInvocationSearchServiceSearchResponse (ContentType: string, FunctionsInvocationSearchResponse: FunctionsInvocationSearchResponse, StatusCode: int32 ...)
 FunctionsInvocationSearchResponse (list: array, nextPageToken: string)
Hooks (SDK empty)
HooksServiceCreateRequest (builtinPattern: BuiltInPattern, description: string, displayName: string ...)
 BuiltInPattern (creditCardBlocking: CreditCardBlockingConfig, piiRedaction: PIIRedactionConfig, queryScopeLimit: QueryScopeLimitConfig ...)
  CreditCardBlockingConfig (empty)
  PiiRedactionConfig (redactFields: array, replacement: string)
  QueryScopeLimitConfig (fields: array, maxLimit: int32)
  SensitiveFileGuardConfig (blockedDirectories: array, blockedPatterns: array)
  ToolOutputSizeGuardConfig (maxBytes: int32)
  WriteAuthorizationConfig (blockedClassifications: array, businessHours: BusinessHours)
    BlockedClassifications (enum: TOOL_CLASSIFICATION_UNSPECIFIED, TOOL_CLASSIFICATION_READ, TOOL_CLASSIFICATION_WRITE ...)
   BusinessHours (days: array, end: string, start: string ...)
 HooksServiceCreateRequestEvent (enum: HOOK_EVENT_TYPE_UNSPECIFIED, HOOK_EVENT_TYPE_PRE_TOOL_USE, HOOK_EVENT_TYPE_POST_TOOL_USE)
 HookFilter (celExpression: string)
 HookFunctionRef (commitId: string, functionId: string)
C1ApiHooksV1HooksServiceCreateResponse (ContentType: string, HooksServiceCreateResponse: HooksServiceCreateResponse, StatusCode: int32 ...)
 HooksServiceCreateResponse (hook: Hook)
  Hook (builtinPattern: BuiltInPattern, createdAt: date-time, description: string ...)
   Event (enum: HOOK_EVENT_TYPE_UNSPECIFIED, HOOK_EVENT_TYPE_PRE_TOOL_USE, HOOK_EVENT_TYPE_POST_TOOL_USE)
C1ApiHooksV1HooksServiceDeleteRequest (HooksServiceDeleteRequest: HooksServiceDeleteRequest, id: string)
 HooksServiceDeleteRequest (empty)
C1ApiHooksV1HooksServiceDeleteResponse (ContentType: string, HooksServiceDeleteResponse: HooksServiceDeleteResponse, StatusCode: int32 ...)
 HooksServiceDeleteResponse (empty)
C1ApiHooksV1HooksServiceGetRequest (id: string)
C1ApiHooksV1HooksServiceGetResponse (ContentType: string, HooksServiceGetResponse: HooksServiceGetResponse, StatusCode: int32 ...)
 HooksServiceGetResponse (hook: Hook)
C1ApiHooksV1HooksServiceListRequest (page_size: int32, page_token: string)
C1ApiHooksV1HooksServiceListResponse (ContentType: string, HooksServiceListResponse: HooksServiceListResponse, StatusCode: int32 ...)
 HooksServiceListResponse (list: array, nextPageToken: string)
C1ApiHooksV1HooksServiceUpdateRequest (HooksServiceUpdateRequest: HooksServiceUpdateRequest, id: string)
 HooksServiceUpdateRequest (hook: Hook_input, updateMask: string)
  HookInput (builtinPattern: BuiltInPattern, description: string, displayName: string ...)
C1ApiHooksV1HooksServiceUpdateResponse (ContentType: string, HooksServiceUpdateResponse: HooksServiceUpdateResponse, StatusCode: int32 ...)
 HooksServiceUpdateResponse (hook: Hook)
PersonalClient (SDK empty)
PersonalClientServiceCreateRequest (allowSourceCidr: array, displayName: string, expires: string ...)
C1ApiIamV1PersonalClientServiceCreateResponse (ContentType: string, PersonalClientServiceCreateResponse: PersonalClientServiceCreateResponse, StatusCode: int32 ...)
 PersonalClientServiceCreateResponse (client: PersonalClient, clientSecret: string)
  PersonalClient (allowSourceCidr: array, clientId: string, createdAt: date-time ...)
C1ApiIamV1PersonalClientServiceDeleteRequest (PersonalClientServiceDeleteRequest: PersonalClientServiceDeleteRequest, id: string)
 PersonalClientServiceDeleteRequest (empty)
C1ApiIamV1PersonalClientServiceDeleteResponse (ContentType: string, PersonalClientServiceDeleteResponse: PersonalClientServiceDeleteResponse, StatusCode: int32 ...)
 PersonalClientServiceDeleteResponse (empty)
C1ApiIamV1PersonalClientServiceGetRequest (id: string)
C1ApiIamV1PersonalClientServiceGetResponse (ContentType: string, PersonalClientServiceGetResponse: PersonalClientServiceGetResponse, StatusCode: int32 ...)
 PersonalClientServiceGetResponse (client: PersonalClient)
C1ApiIamV1PersonalClientServiceListResponse (ContentType: string, PersonalClientServiceListResponse: PersonalClientServiceListResponse, StatusCode: int32 ...)
 PersonalClientServiceListResponse (list: array, nextPageToken: string)
C1ApiIamV1PersonalClientServiceUpdateRequest (PersonalClientServiceUpdateRequest: PersonalClientServiceUpdateRequest, id: string)
 PersonalClientServiceUpdateRequest (client: PersonalClient_input, updateMask: string)
  PersonalClientInput (allowSourceCidr: array, displayName: string, expiresTime: date-time ...)
C1ApiIamV1PersonalClientServiceUpdateResponse (ContentType: string, PersonalClientServiceUpdateResponse: PersonalClientServiceUpdateResponse, StatusCode: int32 ...)
 PersonalClientServiceUpdateResponse (client: PersonalClient)
PersonalDevice (SDK empty)
C1ApiIamV1PersonalDeviceServiceGetDeviceRequest (device_id: string)
C1ApiIamV1PersonalDeviceServiceGetDeviceResponse (ContentType: string, PersonalDeviceServiceGetDeviceResponse: PersonalDeviceServiceGetDeviceResponse, StatusCode: int32 ...)
 PersonalDeviceServiceGetDeviceResponse (device: PersonalDevice)
  PersonalDevice (createdAt: date-time, deviceId: string, deviceOs: string ...)
   PersonalDeviceStatus (enum: PERSONAL_DEVICE_STATUS_UNSPECIFIED, PERSONAL_DEVICE_STATUS_ACTIVE, PERSONAL_DEVICE_STATUS_REVOKED)
C1ApiIamV1PersonalDeviceServiceListDeviceClientsRequest (device_id: string)
C1ApiIamV1PersonalDeviceServiceListDeviceClientsResponse (ContentType: string, PersonalDeviceServiceListDeviceClientsResponse: PersonalDeviceServiceListDeviceClientsResponse, StatusCode: int32 ...)
 PersonalDeviceServiceListDeviceClientsResponse (clients: array, nextPageToken: string)
   PersonalDeviceClient (clientId: string, clientName: string, consumerKeyId: string ...)
C1ApiIamV1PersonalDeviceServiceRevokeDeviceRequest (PersonalDeviceServiceRevokeDeviceRequest: PersonalDeviceServiceRevokeDeviceRequest, device_id: string)
 PersonalDeviceServiceRevokeDeviceRequest (empty)
C1ApiIamV1PersonalDeviceServiceRevokeDeviceResponse (ContentType: string, PersonalDeviceServiceRevokeDeviceResponse: PersonalDeviceServiceRevokeDeviceResponse, StatusCode: int32 ...)
 PersonalDeviceServiceRevokeDeviceResponse (empty)
C1ApiIamV1PersonalDeviceServiceRevokeDeviceClientRequest (PersonalDeviceServiceRevokeDeviceClientRequest: PersonalDeviceServiceRevokeDeviceClientRequest, device_id: string, id: string)
 PersonalDeviceServiceRevokeDeviceClientRequest (empty)
C1ApiIamV1PersonalDeviceServiceRevokeDeviceClientResponse (ContentType: string, PersonalDeviceServiceRevokeDeviceClientResponse: PersonalDeviceServiceRevokeDeviceClientResponse, StatusCode: int32 ...)
 PersonalDeviceServiceRevokeDeviceClientResponse (empty)
PersonalDeviceServiceSearchRequest (pageSize: int32, pageToken: string, query: string ...)
 PersonalDeviceServiceSearchRequestStatusFilter (enum: PERSONAL_DEVICE_STATUS_FILTER_UNSPECIFIED, PERSONAL_DEVICE_STATUS_FILTER_ACTIVE, PERSONAL_DEVICE_STATUS_FILTER_REVOKED ...)
C1ApiIamV1PersonalDeviceServiceSearchResponse (ContentType: string, PersonalDeviceServiceSearchResponse: PersonalDeviceServiceSearchResponse, StatusCode: int32 ...)
 PersonalDeviceServiceSearchResponse (list: array, nextPageToken: string)
C1ApiIamV1PersonalDeviceServiceUpdateDeviceRequest (PersonalDeviceServiceUpdateDeviceRequest: PersonalDeviceServiceUpdateDeviceRequest, device_id: string)
 PersonalDeviceServiceUpdateDeviceRequest (device: PersonalDevice_input, updateMask: string)
  PersonalDeviceInput (displayName: string)
C1ApiIamV1PersonalDeviceServiceUpdateDeviceResponse (ContentType: string, PersonalDeviceServiceUpdateDeviceResponse: PersonalDeviceServiceUpdateDeviceResponse, StatusCode: int32 ...)
 PersonalDeviceServiceUpdateDeviceResponse (device: PersonalDevice)
Roles (SDK empty)
C1ApiIamV1RolesGetRequest (role_id: string)
C1ApiIamV1RolesGetResponse (ContentType: string, GetRolesResponse: GetRolesResponse, StatusCode: int32 ...)
 GetRolesResponse (role: Role)
  Role (createdAt: date-time, deletedAt: date-time, displayName: string ...)
C1ApiIamV1RolesListRequest (page_size: int32, page_token: string)
C1ApiIamV1RolesListResponse (ContentType: string, ListRolesResponse: ListRolesResponse, StatusCode: int32 ...)
 ListRolesResponse (list: array, nextPageToken: string)
C1ApiIamV1RolesUpdateRequest (UpdateRoleRequest: UpdateRoleRequest, role_id: string)
 UpdateRoleRequest (role: Role_input, updateMask: string)
  RoleInput (displayName: string, permissions: array, serviceRoles: array)
C1ApiIamV1RolesUpdateResponse (ContentType: string, StatusCode: int32, RawResponse: response ...)
 UpdateRolesResponse (role: Role)
TunnelCredentials (SDK empty)
TunnelCredentialsServiceCreateBridgeRequest (description: string, displayName: string)
C1ApiIamV1TunnelCredentialsServiceCreateBridgeResponse (ContentType: string, StatusCode: int32, RawResponse: response ...)
 TunnelCredentialsServiceCreateBridgeResponse (bridge: TunnelBridge)
  TunnelBridge (appliance: TunnelAppliance, createdAt: date-time, deletedAt: date-time ...)
   TunnelAppliance (announcedServiceCount: integer, lastSeenAt: date-time, links: array ...)
     TunnelApplianceLink (avgRtt: string, leaseExpiresAt: date-time, relayAddress: string ...)
    TunnelApplianceStatus (enum: TUNNEL_APPLIANCE_STATUS_UNSPECIFIED, TUNNEL_APPLIANCE_STATUS_CONNECTED, TUNNEL_APPLIANCE_STATUS_DISCONNECTED ...)
C1ApiIamV1TunnelCredentialsServiceCreateBridgeCredentialRequest (TunnelCredentialsServiceCreateBridgeCredentialRequest: TunnelCredentialsServiceCreateBridgeCredentialRequest, bridge_id: string)
 TunnelCredentialsServiceCreateBridgeCredentialRequest (empty)
C1ApiIamV1TunnelCredentialsServiceCreateBridgeCredentialResponse (ContentType: string, StatusCode: int32, RawResponse: response ...)
 TunnelCredentialsServiceCreateBridgeCredentialResponse (credential: TunnelCredential)
  TunnelCredential (bridgeId: string, clientId: string, clientSecret: string ...)
   CredentialStatus (enum: TUNNEL_CREDENTIAL_STATUS_UNSPECIFIED, TUNNEL_CREDENTIAL_STATUS_ACTIVE, TUNNEL_CREDENTIAL_STATUS_REVOKED ...)
C1ApiIamV1TunnelCredentialsServiceDeleteBridgeRequest (TunnelCredentialsServiceDeleteBridgeRequest: TunnelCredentialsServiceDeleteBridgeRequest, id: string)
 TunnelCredentialsServiceDeleteBridgeRequest (empty)
C1ApiIamV1TunnelCredentialsServiceDeleteBridgeResponse (ContentType: string, StatusCode: int32, RawResponse: response ...)
 TunnelCredentialsServiceDeleteBridgeResponse (empty)
C1ApiIamV1TunnelCredentialsServiceGetBridgeRequest (id: string)
C1ApiIamV1TunnelCredentialsServiceGetBridgeResponse (ContentType: string, StatusCode: int32, RawResponse: response ...)
 TunnelCredentialsServiceGetBridgeResponse (bridge: TunnelBridge)
C1ApiIamV1TunnelCredentialsServiceListBridgeAnnouncedServicesRequest (bridge_id: string)
C1ApiIamV1TunnelCredentialsServiceListBridgeAnnouncedServicesResponse (ContentType: string, StatusCode: int32, RawResponse: response ...)
 TunnelCredentialsServiceListBridgeAnnouncedServicesResponse (list: array)
   AnnouncedTunnelService (name: string, port: integer, servicePath: string ...)
C1ApiIamV1TunnelCredentialsServiceListBridgeCredentialsRequest (bridge_id: string)
C1ApiIamV1TunnelCredentialsServiceListBridgeCredentialsResponse (ContentType: string, StatusCode: int32, RawResponse: response ...)
 TunnelCredentialsServiceListBridgeCredentialsResponse (list: array, nextPageToken: string)
C1ApiIamV1TunnelCredentialsServiceListBridgesResponse (ContentType: string, StatusCode: int32, RawResponse: response ...)
 TunnelCredentialsServiceListBridgesResponse (list: array, nextPageToken: string)
C1ApiIamV1TunnelCredentialsServiceRevokeBridgeCredentialRequest (TunnelCredentialsServiceRevokeBridgeCredentialRequest: TunnelCredentialsServiceRevokeBridgeCredentialRequest, id: string)
 TunnelCredentialsServiceRevokeBridgeCredentialRequest (empty)
C1ApiIamV1TunnelCredentialsServiceRevokeBridgeCredentialResponse (ContentType: string, StatusCode: int32, RawResponse: response ...)
 TunnelCredentialsServiceRevokeBridgeCredentialResponse (empty)
C1ApiIamV1TunnelCredentialsServiceUpdateBridgeRequest (TunnelCredentialsServiceUpdateBridgeRequest: TunnelCredentialsServiceUpdateBridgeRequest, id: string)
 TunnelCredentialsServiceUpdateBridgeRequest (description: string, displayName: string, updateMask: string)
C1ApiIamV1TunnelCredentialsServiceUpdateBridgeResponse (ContentType: string, StatusCode: int32, RawResponse: response ...)
 TunnelCredentialsServiceUpdateBridgeResponse (bridge: TunnelBridge)
LocalDirectoryConfig (SDK empty)
LocalDirectoryConfigServiceCreateRequest (allowSelfRegistration: boolean, appId: string, defaultProfileTypeId: string ...)
C1ApiLocalDirectoryV1LocalDirectoryConfigServiceCreateResponse (ContentType: string, LocalDirectoryConfigServiceCreateResponse: LocalDirectoryConfigServiceCreateResponse, StatusCode: int32 ...)
 LocalDirectoryConfigServiceCreateResponse (localDirectoryConfig: LocalDirectoryConfig)
  LocalDirectoryConfig (allowSelfRegistration: boolean, appId: string, createdAt: date-time ...)
C1ApiLocalDirectoryV1LocalDirectoryConfigServiceDeleteRequest (LocalDirectoryConfigServiceDeleteRequest: LocalDirectoryConfigServiceDeleteRequest, app_id: string)
 LocalDirectoryConfigServiceDeleteRequest (empty)
C1ApiLocalDirectoryV1LocalDirectoryConfigServiceDeleteResponse (ContentType: string, LocalDirectoryConfigServiceDeleteResponse: LocalDirectoryConfigServiceDeleteResponse, StatusCode: int32 ...)
 LocalDirectoryConfigServiceDeleteResponse (empty)
C1ApiLocalDirectoryV1LocalDirectoryConfigServiceGetRequest (app_id: string)
C1ApiLocalDirectoryV1LocalDirectoryConfigServiceGetResponse (ContentType: string, LocalDirectoryConfigServiceGetResponse: LocalDirectoryConfigServiceGetResponse, StatusCode: int32 ...)
 LocalDirectoryConfigServiceGetResponse (localDirectoryConfig: LocalDirectoryConfig)
C1ApiLocalDirectoryV1LocalDirectoryConfigServiceListRequest (page_size: int32, page_token: string)
C1ApiLocalDirectoryV1LocalDirectoryConfigServiceListResponse (ContentType: string, LocalDirectoryConfigServiceListResponse: LocalDirectoryConfigServiceListResponse, StatusCode: int32 ...)
 LocalDirectoryConfigServiceListResponse (list: array, nextPageToken: string)
C1ApiLocalDirectoryV1LocalDirectoryConfigServiceUpdateRequest (LocalDirectoryConfigServiceUpdateRequest: LocalDirectoryConfigServiceUpdateRequest, app_id: string)
 LocalDirectoryConfigServiceUpdateRequest (localDirectoryConfig: LocalDirectoryConfig_input, updateMask: string)
  LocalDirectoryConfigInput (allowSelfRegistration: boolean, defaultProfileTypeId: string, displayName: string ...)
C1ApiLocalDirectoryV1LocalDirectoryConfigServiceUpdateResponse (ContentType: string, LocalDirectoryConfigServiceUpdateResponse: LocalDirectoryConfigServiceUpdateResponse, StatusCode: int32 ...)
 LocalDirectoryConfigServiceUpdateResponse (localDirectoryConfig: LocalDirectoryConfig)
LocalUserInvitation (SDK empty)
C1ApiLocalDirectoryV1LocalUserInvitationServiceCreateRequest (LocalUserInvitationServiceCreateRequest: LocalUserInvitationServiceCreateRequest, directory_app_id: string)
 LocalUserInvitationServiceCreateRequest (displayName: string, email: string, initialRoleIds: array ...)
C1ApiLocalDirectoryV1LocalUserInvitationServiceCreateResponse (ContentType: string, LocalUserInvitationServiceCreateResponse: LocalUserInvitationServiceCreateResponse, StatusCode: int32 ...)
 LocalUserInvitationServiceCreateResponse (invitation: LocalUserInvitation)
  LocalUserInvitation (acceptedAt: date-time, createdAt: date-time, createdUserId: string ...)
   LocalUserInvitationStatus (enum: LOCAL_INVITATION_STATUS_UNSPECIFIED, LOCAL_INVITATION_STATUS_PENDING, LOCAL_INVITATION_STATUS_ACCEPTED ...)
C1ApiLocalDirectoryV1LocalUserInvitationServiceGetRequest (directory_app_id: string, id: string)
C1ApiLocalDirectoryV1LocalUserInvitationServiceGetResponse (ContentType: string, LocalUserInvitationServiceGetResponse: LocalUserInvitationServiceGetResponse, StatusCode: int32 ...)
 LocalUserInvitationServiceGetResponse (invitation: LocalUserInvitation)
C1ApiLocalDirectoryV1LocalUserInvitationServiceRevokeRequest (LocalUserInvitationServiceRevokeRequest: LocalUserInvitationServiceRevokeRequest, directory_app_id: string, id: string)
 LocalUserInvitationServiceRevokeRequest (empty)
C1ApiLocalDirectoryV1LocalUserInvitationServiceRevokeResponse (ContentType: string, LocalUserInvitationServiceRevokeResponse: LocalUserInvitationServiceRevokeResponse, StatusCode: int32 ...)
 LocalUserInvitationServiceRevokeResponse (invitation: LocalUserInvitation)
LocalUserInvitationServiceSearchRequest (directoryAppId: string, pageSize: int32, pageToken: string ...)
 StatusFilter (enum: LOCAL_INVITATION_STATUS_UNSPECIFIED, LOCAL_INVITATION_STATUS_PENDING, LOCAL_INVITATION_STATUS_ACCEPTED ...)
C1ApiLocalDirectoryV1LocalUserInvitationServiceSearchResponse (ContentType: string, LocalUserInvitationServiceSearchResponse: LocalUserInvitationServiceSearchResponse, StatusCode: int32 ...)
 LocalUserInvitationServiceSearchResponse (list: array, nextPageToken: string)
Policies (SDK empty)
CreatePolicyRequest (annotations: map, description: string, displayName: string ...)
  PolicyStepsInput (steps: array)
    PolicyStepInput (accept: Accept, action: Action, approval: Approval_input ...)
     Accept (acceptMessage: string)
     Action (automation: ActionTargetAutomation, batonResourceAction: ActionTargetBatonResourceAction, clientIdApproval: ActionTargetClientIdApproval)
      ActionTargetAutomation (automationTemplateId: string)
      ActionTargetBatonResourceAction (batonResourceActionId: string)
      ActionTargetClientIdApproval (empty)
     ApprovalInput (agent: AgentApproval, allowDelegation: boolean, allowReassignment: boolean ...)
      AgentApproval (agentFailureAction: enum, agentMode: enum, agentUserId: string ...)
       AgentFailureAction (enum: APPROVAL_AGENT_FAILURE_ACTION_UNSPECIFIED, APPROVAL_AGENT_FAILURE_ACTION_REASSIGN_TO_USERS, APPROVAL_AGENT_FAILURE_ACTION_REASSIGN_TO_SUPER_ADMINS ...)
       AgentMode (enum: APPROVAL_AGENT_MODE_UNSPECIFIED, APPROVAL_AGENT_MODE_FULL_CONTROL, APPROVAL_AGENT_MODE_CHANGE_POLICY_ONLY ...)
      AppOwnerApproval (allowSelfApproval: boolean, requireDistinctApprovers: boolean)
      EntitlementOwnerApproval (allowSelfApproval: boolean, fallback: boolean, fallbackGroupIds: array ...)
        AppEntitlementReference (appEntitlementId: string, appId: string)
      Escalation (cancelTicket: CancelTicket, escalationComment: string, expiration: integer ...)
       CancelTicket (empty)
       ReassignToApprovers (approverIds: array)
       ReplacePolicy (policyId: string)
       SkipStep (empty)
      ExpressionApprovalInput (allowSelfApproval: boolean, expressions: array, fallback: boolean ...)
      AppGroupApproval (allowSelfApproval: boolean, appGroupId: string, appId: string ...)
      ManagerApprovalInput (allowSelfApproval: boolean, fallback: boolean, fallbackGroupIds: array ...)
      ResourceOwnerApproval (allowSelfApproval: boolean, fallback: boolean, fallbackGroupIds: array ...)
      SelfApprovalInput (fallback: boolean, fallbackGroupIds: array, fallbackUserIds: array ...)
      UserApproval (allowSelfApproval: boolean, requireDistinctApprovers: boolean, userIds: array)
      WebhookApproval (webhookId: string)
     FormInput (form: RequestSchemaForm)
     Provision (assigned: boolean, provisionPolicy: ProvisionPolicy_input, provisionTarget: ProvisionTarget)
      ProvisionTarget (appEntitlementId: string, appId: string, appUserId: string ...)
     Reject (rejectMessage: string)
     Wait (commentOnFirstWait: string, commentOnTimeout: string, condition: WaitCondition ...)
      WaitCondition (condition: string)
      WaitDuration (duration: string)
      WaitUntilTime (hours: integer, minutes: integer, timezone: string)
 PolicyType (enum: POLICY_TYPE_UNSPECIFIED, POLICY_TYPE_GRANT, POLICY_TYPE_REVOKE ...)
  PolicyPostActions (certifyRemediateImmediately: boolean)
  Rule (condition: string, policyKey: string)
C1ApiPolicyV1PoliciesCreateResponse (ContentType: string, CreatePolicyResponse: CreatePolicyResponse, StatusCode: int32 ...)
 CreatePolicyResponse (policy: Policy)
  Policy (annotations: map, createdAt: date-time, deletedAt: date-time ...)
    PolicySteps (steps: array)
      PolicyStep (accept: Accept, action: Action, approval: Approval ...)
       Approval (agent: AgentApproval, allowDelegation: boolean, allowReassignment: boolean ...)
        ExpressionApproval (allowSelfApproval: boolean, assignedUserIds: array, expressions: array ...)
        ManagerApproval (allowSelfApproval: boolean, assignedUserIds: array, fallback: boolean ...)
        SelfApproval (assignedUserIds: array, fallback: boolean, fallbackGroupIds: array ...)
       Form (form: RequestSchemaForm)
   PolicyPolicyType (enum: POLICY_TYPE_UNSPECIFIED, POLICY_TYPE_GRANT, POLICY_TYPE_REVOKE ...)
C1ApiPolicyV1PoliciesDeleteRequest (DeletePolicyRequest: DeletePolicyRequest, id: string)
 DeletePolicyRequest (empty)
C1ApiPolicyV1PoliciesDeleteResponse (ContentType: string, DeletePolicyResponse: DeletePolicyResponse, StatusCode: int32 ...)
 DeletePolicyResponse (empty)
C1ApiPolicyV1PoliciesGetRequest (id: string)
C1ApiPolicyV1PoliciesGetResponse (ContentType: string, GetPolicyResponse: GetPolicyResponse, StatusCode: int32 ...)
 GetPolicyResponse (policy: Policy)
C1ApiPolicyV1PoliciesListRequest (page_size: int32, page_token: string)
C1ApiPolicyV1PoliciesListResponse (ContentType: string, ListPolicyResponse: ListPolicyResponse, StatusCode: int32 ...)
 ListPolicyResponse (list: array, nextPageToken: string)
C1ApiPolicyV1PoliciesUpdateRequest (UpdatePolicyRequest: UpdatePolicyRequest, id: string)
 UpdatePolicyRequest (policy: Policy_input, updateMask: string)
  PolicyInput (annotations: map, description: string, displayName: string ...)
C1ApiPolicyV1PoliciesUpdateResponse (ContentType: string, StatusCode: int32, RawResponse: response ...)
 UpdatePolicyResponse (policy: Policy)
AccountProvisionPolicyTest (SDK empty)
TestAccountProvisionPolicyRequest (cel: string)
C1ApiPolicyV1AccountProvisionPolicyTestTestResponse (ContentType: string, StatusCode: int32, RawResponse: response ...)
 TestAccountProvisionPolicyResponse (type: string, value: string)
PolicyValidate (SDK empty)
PolicyEditorValidateRequest (text: string)
C1ApiPolicyV1PolicyValidateValidateCelResponse (ContentType: string, PolicyEditorValidateResponse: PolicyEditorValidateResponse, StatusCode: int32 ...)
 PolicyEditorValidateResponse (markers: array)
RecoveryPolicy (SDK empty)
RecoveryPolicyServiceCreateRequest (allowedRecoveryTypes: array, displayName: string, minRecoveryAuthLevel: enum ...)
  RecoveryPolicyServiceCreateRequestAllowedRecoveryTypes (enum: CREDENTIAL_TYPE_UNSPECIFIED, CREDENTIAL_TYPE_PASSKEY, CREDENTIAL_TYPE_PASSWORD ...)
 RecoveryPolicyServiceCreateRequestMinRecoveryAuthLevel (enum: AUTH_LEVEL_UNSPECIFIED, AUTH_LEVEL_NONE, AUTH_LEVEL_SINGLE_FACTOR ...)
C1ApiCredentialInventoryV1RecoveryPolicyServiceCreateResponse (ContentType: string, RecoveryPolicyServiceCreateResponse: RecoveryPolicyServiceCreateResponse, StatusCode: int32 ...)
 RecoveryPolicyServiceCreateResponse (recoveryPolicy: RecoveryPolicy)
  RecoveryPolicy (allowedRecoveryTypes: array, createdAt: date-time, deletedAt: date-time ...)
    AllowedRecoveryTypes (enum: CREDENTIAL_TYPE_UNSPECIFIED, CREDENTIAL_TYPE_PASSKEY, CREDENTIAL_TYPE_PASSWORD ...)
   MinRecoveryAuthLevel (enum: AUTH_LEVEL_UNSPECIFIED, AUTH_LEVEL_NONE, AUTH_LEVEL_SINGLE_FACTOR ...)
C1ApiCredentialInventoryV1RecoveryPolicyServiceDeleteRequest (RecoveryPolicyServiceDeleteRequest: RecoveryPolicyServiceDeleteRequest, id: string)
 RecoveryPolicyServiceDeleteRequest (empty)
C1ApiCredentialInventoryV1RecoveryPolicyServiceDeleteResponse (ContentType: string, RecoveryPolicyServiceDeleteResponse: RecoveryPolicyServiceDeleteResponse, StatusCode: int32 ...)
 RecoveryPolicyServiceDeleteResponse (empty)
C1ApiCredentialInventoryV1RecoveryPolicyServiceGetRequest (id: string)
C1ApiCredentialInventoryV1RecoveryPolicyServiceGetResponse (ContentType: string, RecoveryPolicyServiceGetResponse: RecoveryPolicyServiceGetResponse, StatusCode: int32 ...)
 RecoveryPolicyServiceGetResponse (recoveryPolicy: RecoveryPolicy)
C1ApiCredentialInventoryV1RecoveryPolicyServiceListRequest (page_size: int32, page_token: string)
C1ApiCredentialInventoryV1RecoveryPolicyServiceListResponse (ContentType: string, RecoveryPolicyServiceListResponse: RecoveryPolicyServiceListResponse, StatusCode: int32 ...)
 RecoveryPolicyServiceListResponse (list: array, nextPageToken: string)
RecoveryPolicyServiceSearchRequest (pageSize: int32, pageToken: string, query: string ...)
  RecoveryPolicyRef (id: string)
C1ApiCredentialInventoryV1RecoveryPolicyServiceSearchResponse (ContentType: string, RecoveryPolicyServiceSearchResponse: RecoveryPolicyServiceSearchResponse, StatusCode: int32 ...)
 RecoveryPolicyServiceSearchResponse (list: array, nextPageToken: string)
C1ApiCredentialInventoryV1RecoveryPolicyServiceUpdateRequest (RecoveryPolicyServiceUpdateRequest: RecoveryPolicyServiceUpdateRequest, id: string)
 RecoveryPolicyServiceUpdateRequest (recoveryPolicy: RecoveryPolicy_input, updateMask: string)
  RecoveryPolicyInput (allowedRecoveryTypes: array, displayName: string, minRecoveryAuthLevel: enum ...)
C1ApiCredentialInventoryV1RecoveryPolicyServiceUpdateResponse (ContentType: string, RecoveryPolicyServiceUpdateResponse: RecoveryPolicyServiceUpdateResponse, StatusCode: int32 ...)
 RecoveryPolicyServiceUpdateResponse (recoveryPolicy: RecoveryPolicy)
RequestSchema (SDK empty)
RequestSchemaServiceCreateRequest (description: string, fieldGroups: array, fieldRelationships: array ...)
 RequestSchemaServiceCreateRequestJustificationVisibility (enum: JUSTIFICATION_VISIBILITY_UNSPECIFIED, JUSTIFICATION_VISIBILITY_SHOW, JUSTIFICATION_VISIBILITY_HIDE)
C1ApiRequestSchemaV1RequestSchemaServiceCreateResponse (ContentType: string, RequestSchemaServiceCreateResponse: RequestSchemaServiceCreateResponse, StatusCode: int32 ...)
 RequestSchemaServiceCreateResponse (requestSchema: RequestSchema)
  RequestSchema (createdAt: date-time, deletedAt: date-time, form: RequestSchemaForm ...)
   JustificationVisibility (enum: JUSTIFICATION_VISIBILITY_UNSPECIFIED, JUSTIFICATION_VISIBILITY_SHOW, JUSTIFICATION_VISIBILITY_HIDE)
RequestSchemaServiceCreateEntitlementBindingRequest (entitlementRef: AppEntitlementRef, requestSchemaId: string)
C1ApiRequestSchemaV1RequestSchemaServiceCreateEntitlementBindingResponse (ContentType: string, RequestSchemaServiceCreateEntitlementBindingResponse: RequestSchemaServiceCreateEntitlementBindingResponse, StatusCode: int32 ...)
 RequestSchemaServiceCreateEntitlementBindingResponse (entitlementRef: AppEntitlementRef, requestSchemaId: string)
C1ApiRequestSchemaV1RequestSchemaServiceDeleteRequest (RequestSchemaServiceDeleteRequest: RequestSchemaServiceDeleteRequest, request_schema_id: string)
 RequestSchemaServiceDeleteRequest (empty)
C1ApiRequestSchemaV1RequestSchemaServiceDeleteResponse (ContentType: string, RequestSchemaServiceDeleteResponse: RequestSchemaServiceDeleteResponse, StatusCode: int32 ...)
 RequestSchemaServiceDeleteResponse (empty)
RequestSchemaServiceFindBindingForAppEntitlementRequest (entitlementRef: AppEntitlementRef)
C1ApiRequestSchemaV1RequestSchemaServiceFindBindingForAppEntitlementResponse (ContentType: string, RequestSchemaServiceFindBindingForAppEntitlementResponse: RequestSchemaServiceFindBindingForAppEntitlementResponse, StatusCode: int32 ...)
 RequestSchemaServiceFindBindingForAppEntitlementResponse (entitlementRef: AppEntitlementRef, requestSchemaId: string)
C1ApiRequestSchemaV1RequestSchemaServiceGetRequest (request_schema_id: string)
C1ApiRequestSchemaV1RequestSchemaServiceGetResponse (ContentType: string, RequestSchemaServiceGetResponse: RequestSchemaServiceGetResponse, StatusCode: int32 ...)
 RequestSchemaServiceGetResponse (requestSchema: RequestSchema)
RequestSchemaServiceRemoveEntitlementBindingRequest (entitlementRef: AppEntitlementRef, requestSchemaId: string)
C1ApiRequestSchemaV1RequestSchemaServiceRemoveEntitlementBindingResponse (ContentType: string, RequestSchemaServiceRemoveEntitlementBindingResponse: RequestSchemaServiceRemoveEntitlementBindingResponse, StatusCode: int32 ...)
 RequestSchemaServiceRemoveEntitlementBindingResponse (empty)
C1ApiRequestSchemaV1RequestSchemaServiceUpdateRequest (RequestSchemaServiceUpdateRequest: RequestSchemaServiceUpdateRequest, request_schema_id: string)
 RequestSchemaServiceUpdateRequest (requestSchema: RequestSchema, updateMask: string)
C1ApiRequestSchemaV1RequestSchemaServiceUpdateResponse (ContentType: string, RequestSchemaServiceUpdateResponse: RequestSchemaServiceUpdateResponse, StatusCode: int32 ...)
 RequestSchemaServiceUpdateResponse (requestSchema: RequestSchema)
RoleMiningManagement (SDK empty)
CreateAccessProfileFromCohortRequest (celExpression: string, createTasks: boolean, description: string ...)
  CohortEntitlement (appDisplayName: string, appId: string, appResourceDisplayName: string ...)
  ProfileFilter (attribute: string, values: array)
C1ApiRoleMiningManagementV1RoleMiningManagementServiceCreateAccessProfileFromCohortResponse (ContentType: string, CreateAccessProfileFromCohortResponse: CreateAccessProfileFromCohortResponse, StatusCode: int32 ...)
 CreateAccessProfileFromCohortResponse (accessProfileId: string, celExpression: string)
C1ApiRoleMiningManagementV1RoleMiningManagementServiceGetCustomAnalysisResultRequest (id: string)
C1ApiRoleMiningManagementV1RoleMiningManagementServiceGetCustomAnalysisResultResponse (ContentType: string, GetCustomAnalysisResultResponse: GetCustomAnalysisResultResponse, StatusCode: int32 ...)
 GetCustomAnalysisResultResponse (appsAnalyzed: int32, clusters: array, cohortSize: int32 ...)
   EntitlementCluster (avgCoverage: number, avgSimilarity: number, entitlements: array ...)
   AttributeFacet (attribute: string, displayName: string, values: array)
     RoleMiningAttributeValue (displayName: string, userCount: int32, value: string)
  GetCustomAnalysisResultResponseStatus (enum: RUN_STATUS_UNSPECIFIED, RUN_STATUS_RUNNING, RUN_STATUS_COMPLETED ...)
C1ApiRoleMiningManagementV1RoleMiningManagementServiceGetLatestRunResponse (ContentType: string, GetLatestRunResponse: GetLatestRunResponse, StatusCode: int32 ...)
 GetLatestRunResponse (run: RoleMiningManagementRun)
  RoleMiningManagementRun (cohortsAnalyzed: int32, completedAt: date-time, createdAt: date-time ...)
   RoleMiningManagementRunStatus (enum: RUN_STATUS_UNSPECIFIED, RUN_STATUS_RUNNING, RUN_STATUS_COMPLETED ...)
   TriggerType (enum: TRIGGER_TYPE_UNSPECIFIED, TRIGGER_TYPE_MANUAL, TRIGGER_TYPE_UPLIFT_COMPLETION ...)
C1ApiRoleMiningManagementV1RoleMiningManagementServiceGetRoleMiningConfigResponse (ContentType: string, GetRoleMiningConfigResponse: GetRoleMiningConfigResponse, StatusCode: int32 ...)
 GetRoleMiningConfigResponse (config: RoleMiningManagementConfig)
  RoleMiningManagementConfig (cohortHints: array, maxSuggestions: int32, minCohortSize: int32)
    CohortHintView (attribute: string, priority: int32, values: array)
C1ApiRoleMiningManagementV1RoleMiningManagementServiceGetSuggestionRequest (id: string)
C1ApiRoleMiningManagementV1RoleMiningManagementServiceGetSuggestionResponse (ContentType: string, GetSuggestionResponse: GetSuggestionResponse, StatusCode: int32 ...)
 GetSuggestionResponse (suggestion: RoleMiningManagementSuggestion)
  RoleMiningManagementSuggestion (avgCoverage: number, cohortFilters: array, cohortSize: int32 ...)
    AccessProfileMatch (catalogDisplayName: string, catalogId: string, matchType: enum ...)
     MatchType (enum: ACCESS_PROFILE_MATCH_TYPE_UNSPECIFIED, ACCESS_PROFILE_MATCH_TYPE_EXACT, ACCESS_PROFILE_MATCH_TYPE_SUPERSET ...)
   SuggestionState (enum: SUGGESTION_STATE_UNSPECIFIED, SUGGESTION_STATE_NEW, SUGGESTION_STATE_DISMISSED ...)
C1ApiRoleMiningManagementV1RoleMiningManagementServiceListCustomAnalysisResultsResponse (ContentType: string, ListCustomAnalysisResultsResponse: ListCustomAnalysisResultsResponse, StatusCode: int32 ...)
 ListCustomAnalysisResultsResponse (list: array, nextPageToken: string)
   CustomAnalysisResultView (cohortSize: int32, completedAt: date-time, createdAt: date-time ...)
    CustomAnalysisResultViewStatus (enum: RUN_STATUS_UNSPECIFIED, RUN_STATUS_RUNNING, RUN_STATUS_COMPLETED ...)
C1ApiRoleMiningManagementV1RoleMiningManagementServiceListRunsResponse (ContentType: string, ListRunsResponse: ListRunsResponse, StatusCode: int32 ...)
 ListRunsResponse (list: array, nextPageToken: string)
C1ApiRoleMiningManagementV1RoleMiningManagementServiceListSuggestionsResponse (ContentType: string, ListSuggestionsResponse: ListSuggestionsResponse, StatusCode: int32 ...)
 ListSuggestionsResponse (list: array, nextPageToken: string)
C1ApiRoleMiningManagementV1RoleMiningManagementServiceSearchCohortUsersRequest (SearchCohortUsersRequest: SearchCohortUsersRequest, suggestion_id: string)
 SearchCohortUsersRequest (pageSize: int32, pageToken: string, profileFilters: array ...)
   EntitlementRef (appId: string, entitlementId: string)
C1ApiRoleMiningManagementV1RoleMiningManagementServiceSearchCohortUsersResponse (ContentType: string, SearchCohortUsersResponse: SearchCohortUsersResponse, StatusCode: int32 ...)
 SearchCohortUsersResponse (list: array, nextPageToken: string, usersWithCoverage: array)
   CohortUserWithCoverage (coveredCount: int32, user: User)
TriggerAnalysisRequest (empty)
C1ApiRoleMiningManagementV1RoleMiningManagementServiceTriggerAnalysisResponse (ContentType: string, StatusCode: int32, RawResponse: response ...)
 TriggerAnalysisResponse (runId: string)
TriggerCustomAnalysisRequest (profileFilters: array)
C1ApiRoleMiningManagementV1RoleMiningManagementServiceTriggerCustomAnalysisResponse (ContentType: string, StatusCode: int32, RawResponse: response ...)
 TriggerCustomAnalysisResponse (id: string)
UpdateRoleMiningConfigRequest (cohortHints: array, maxSuggestions: int32, minCohortSize: int32)
  CohortHintInput (attribute: string, priority: int32, values: array)
C1ApiRoleMiningManagementV1RoleMiningManagementServiceUpdateRoleMiningConfigResponse (ContentType: string, StatusCode: int32, RawResponse: response ...)
 UpdateRoleMiningConfigResponse (config: RoleMiningManagementConfig)
C1ApiRoleMiningManagementV1RoleMiningManagementServiceUpdateSuggestionStateRequest (UpdateSuggestionStateRequest: UpdateSuggestionStateRequest, id: string)
 UpdateSuggestionStateRequest (createdCatalogId: string, state: enum)
  UpdateSuggestionStateRequestState (enum: SUGGESTION_STATE_UNSPECIFIED, SUGGESTION_STATE_NEW, SUGGESTION_STATE_DISMISSED ...)
C1ApiRoleMiningManagementV1RoleMiningManagementServiceUpdateSuggestionStateResponse (ContentType: string, StatusCode: int32, RawResponse: response ...)
 UpdateSuggestionStateResponse (suggestion: RoleMiningManagementSuggestion)
AutomationExecutionSearch (SDK empty)
SearchAllAutomationExecutionsRequest (appIds: array, automationTemplateIds: array, executionStates: array ...)
  ExecutionStates (enum: AUTOMATION_EXECUTION_STATE_UNSPECIFIED, AUTOMATION_EXECUTION_STATE_PENDING, AUTOMATION_EXECUTION_STATE_CREATING ...)
 AutomationExecutionExpandMask (paths: array)
C1ApiAutomationsV1AutomationExecutionSearchServiceSearchAllAutomationExecutionsResponse (ContentType: string, SearchAllAutomationExecutionsResponse: SearchAllAutomationExecutionsResponse, StatusCode: int32 ...)
 SearchAllAutomationExecutionsResponse (expanded: array, list: array, nextPageToken: string)
   SearchAllAutomationExecutionsResponseExpanded (@type: string, AdditionalProperties: map)
SearchAutomationExecutionsRequest (automationTemplateId: string, executionId: integer, executionStepStates: array ...)
  ExecutionStepStates (enum: AUTOMATION_EXECUTION_STATE_UNSPECIFIED, AUTOMATION_EXECUTION_STATE_PENDING, AUTOMATION_EXECUTION_STATE_CREATING ...)
  AutomationExecutionRef (id: integer)
C1ApiAutomationsV1AutomationExecutionSearchServiceSearchAutomationExecutionsResponse (ContentType: string, SearchAutomationExecutionsResponse: SearchAutomationExecutionsResponse, StatusCode: int32 ...)
 SearchAutomationExecutionsResponse (expanded: array, list: array, nextPageToken: string)
   SearchAutomationExecutionsResponseExpanded (@type: string, AdditionalProperties: map)
AppResourceSearch (SDK empty)
SearchAppResourceTypesRequest (appIds: array, appUserIds: array, displayName: string ...)
C1ApiAppV1AppResourceSearchSearchAppResourceTypesResponse (ContentType: string, SearchAppResourceTypesResponse: SearchAppResourceTypesResponse, StatusCode: int32 ...)
 SearchAppResourceTypesResponse (list: array, nextPageToken: string)
SearchAppResourcesRequest (agentStatuses: array, appId: string, appIds: array ...)
  AgentStatuses (enum: AGENT_STATUS_UNSPECIFIED, AGENT_STATUS_READY, AGENT_STATUS_DISABLED ...)
  SearchAppResourcesRequestCredentialTypes (enum: CREDENTIAL_TYPE_UNSPECIFIED, CREDENTIAL_TYPE_STATIC_SECRET, CREDENTIAL_TYPE_ASYMMETRIC_KEY ...)
 Direction (enum: SORT_DIRECTION_UNSPECIFIED, SORT_DIRECTION_ASC, SORT_DIRECTION_DESC)
  SearchAppResourcesRequestNhiTypes (enum: NHI_TYPE_UNSPECIFIED, NHI_TYPE_APP_REGISTRATION, NHI_TYPE_ASSUMABLE_ROLE ...)
  AppResourceRef (appId: string, appResourceTypeId: string, id: string)
 SecretAgingFilter (lastUsedAfter: date-time, lastUsedBefore: date-time, secretCreatedAfter: date-time ...)
 SortField (enum: APP_RESOURCE_SORT_FIELD_UNSPECIFIED, APP_RESOURCE_SORT_FIELD_SECRET_CREATED_AT, APP_RESOURCE_SORT_FIELD_SECRET_EXPIRES_AT ...)
C1ApiAppV1AppResourceSearchSearchAppResourcesResponse (ContentType: string, SearchAppResourcesResponse: SearchAppResourcesResponse, StatusCode: int32 ...)
 SearchAppResourcesResponse (expanded: array, list: array, nextPageToken: string)
   SearchAppResourcesResponseExpanded (@type: string, AdditionalProperties: map)
AppSearch (SDK empty)
SearchAppsRequest (appIds: array, displayName: string, excludeAppIds: array ...)
C1ApiAppV1AppSearchSearchResponse (ContentType: string, SearchAppsResponse: SearchAppsResponse, StatusCode: int32 ...)
 SearchAppsResponse (list: array, nextPageToken: string)
SearchUserOwnershipRequest (ownershipTypes: array, pageSize: int32, pageToken: string ...)
  OwnershipTypes (enum: USER_OWNERSHIP_TYPE_UNSPECIFIED, USER_OWNERSHIP_TYPE_APP, USER_OWNERSHIP_TYPE_RESOURCE ...)
C1ApiAppV1AppSearchSearchUserOwnershipResponse (ContentType: string, SearchUserOwnershipResponse: SearchUserOwnershipResponse, StatusCode: int32 ...)
 SearchUserOwnershipResponse (list: array, nextPageToken: string)
   UserOwnershipEntry (appDisplayName: string, appId: string, entitlementDisplayName: string ...)
    OwnershipType (enum: USER_OWNERSHIP_TYPE_UNSPECIFIED, USER_OWNERSHIP_TYPE_APP, USER_OWNERSHIP_TYPE_RESOURCE ...)
AttributeSearch (SDK empty)
SearchAttributeValuesRequest (attributeTypeIds: array, excludeIds: array, ids: array ...)
C1ApiAttributeV1AttributeSearchSearchAttributeValuesResponse (ContentType: string, SearchAttributeValuesResponse: SearchAttributeValuesResponse, StatusCode: int32 ...)
 SearchAttributeValuesResponse (list: array, nextPageToken: string)
AutomationSearch (SDK empty)
SearchAutomationTemplateVersionsRequest (automationTemplateId: string, pageSize: int32, pageToken: string)
C1ApiAutomationsV1AutomationSearchServiceSearchAutomationTemplateVersionsResponse (ContentType: string, SearchAutomationTemplateVersionsResponse: SearchAutomationTemplateVersionsResponse, StatusCode: int32 ...)
 SearchAutomationTemplateVersionsResponse (list: array, nextPageToken: string)
   AutomationTemplateVersion (automationSteps: array, automationTemplateId: string, createdAt: date-time ...)
SearchAutomationsRequest (appId: string, appIds: array, direction: enum ...)
 SearchAutomationsRequestDirection (enum: SORT_DIRECTION_UNSPECIFIED, SORT_DIRECTION_ASC, SORT_DIRECTION_DESC)
 SearchAutomationsRequestSortField (enum: AUTOMATION_SORT_FIELD_UNSPECIFIED, AUTOMATION_SORT_FIELD_DISPLAY_NAME, AUTOMATION_SORT_FIELD_CREATED_AT ...)
  SearchAutomationsRequestStatuses (enum: AUTOMATION_STATUS_FILTER_UNSPECIFIED, AUTOMATION_STATUS_FILTER_ON, AUTOMATION_STATUS_FILTER_OFF)
  TriggerTypes (enum: TRIGGER_TYPE_UNSPECIFIED, TRIGGER_TYPE_USER_PROFILE_CHANGE, TRIGGER_TYPE_APP_USER_CREATE ...)
C1ApiAutomationsV1AutomationSearchServiceSearchAutomationsResponse (ContentType: string, SearchAutomationsResponse: SearchAutomationsResponse, StatusCode: int32 ...)
 SearchAutomationsResponse (list: array, nextPageToken: string)
FindingAudit (SDK empty)
FindingAuditServiceSearchRequest (actorPrincipalId: string, actorSubject: string, appId: string ...)
  EventTypes (enum: FINDING_AUDIT_EVENT_TYPE_UNSPECIFIED, FINDING_AUDIT_EVENT_TYPE_CREATED, FINDING_AUDIT_EVENT_TYPE_STATE_CHANGED ...)
C1ApiFindingV1FindingAuditServiceSearchResponse (ContentType: string, FindingAuditServiceSearchResponse: FindingAuditServiceSearchResponse, StatusCode: int32 ...)
 FindingAuditServiceSearchResponse (list: array, nextPageToken: string)
   FindingAuditEvent (actorPrincipalId: string, actorSubject: string, appId: string ...)
    FindingAuditEventEventType (enum: FINDING_AUDIT_EVENT_TYPE_UNSPECIFIED, FINDING_AUDIT_EVENT_TYPE_CREATED, FINDING_AUDIT_EVENT_TYPE_STATE_CHANGED ...)
    SeverityAtEvent (enum: FINDING_SEVERITY_UNSPECIFIED, FINDING_SEVERITY_INFO, FINDING_SEVERITY_LOW ...)
    StateAtEvent (enum: FINDING_STATE_UNSPECIFIED, FINDING_STATE_OPEN, FINDING_STATE_IN_PROGRESS ...)
FunctionsSearch (SDK empty)
FunctionsSearchRequest (functionTypes: array, pageSize: int32, pageToken: string ...)
  FunctionTypes (enum: FUNCTION_TYPE_UNSPECIFIED, FUNCTION_TYPE_ANY, FUNCTION_TYPE_CODE_MODE)
C1ApiFunctionsV1FunctionsSearchSearchResponse (ContentType: string, FunctionsSearchResponse: FunctionsSearchResponse, StatusCode: int32 ...)
 FunctionsSearchResponse (list: array, nextPageToken: string)
HooksSearch (SDK empty)
HooksSearchRequest (pageSize: int32, pageToken: string, query: string ...)
  HookRef (id: string)
C1ApiHooksV1HooksSearchSearchResponse (ContentType: string, HooksSearchResponse: HooksSearchResponse, StatusCode: int32 ...)
 HooksSearchResponse (list: array, nextPageToken: string)
ExternalClientSearch (SDK empty)
ExternalClientSearchServiceSearchRequest (clientIdUrls: array, pageSize: int32, pageToken: string ...)
  WellKnownClients (enum: WELL_KNOWN_CLIENT_UNSPECIFIED, WELL_KNOWN_CLIENT_UNKNOWN, WELL_KNOWN_CLIENT_CLAUDE_AI ...)
C1ApiIamV1ExternalClientSearchServiceSearchResponse (ContentType: string, ExternalClientSearchServiceSearchResponse: ExternalClientSearchServiceSearchResponse, StatusCode: int32 ...)
 ExternalClientSearchServiceSearchResponse (list: array, nextPageToken: string)
   ExternalClientInfo (clientId: string, clientIdType: enum, clientIdUrl: string ...)
    ClientIdType (enum: CLIENT_ID_TYPE_UNSPECIFIED, CLIENT_ID_TYPE_DCR, CLIENT_ID_TYPE_METADATA_URL)
    WellKnownClient (enum: WELL_KNOWN_CLIENT_UNSPECIFIED, WELL_KNOWN_CLIENT_UNKNOWN, WELL_KNOWN_CLIENT_CLAUDE_AI ...)
PersonalClientSearch (SDK empty)
PersonalClientSearchServiceSearchRequest (pageSize: int32, pageToken: string, query: string ...)
C1ApiIamV1PersonalClientSearchServiceSearchResponse (ContentType: string, PersonalClientSearchServiceSearchResponse: PersonalClientSearchServiceSearchResponse, StatusCode: int32 ...)
 PersonalClientSearchServiceSearchResponse (list: array, nextPageToken: string)
PolicySearch (SDK empty)
SearchPoliciesRequest (displayName: string, excludePolicyIds: array, includeDeleted: boolean ...)
  PolicyTypes (enum: POLICY_TYPE_UNSPECIFIED, POLICY_TYPE_GRANT, POLICY_TYPE_REVOKE ...)
C1ApiPolicyV1PolicySearchSearchResponse (ContentType: string, SearchPoliciesResponse: SearchPoliciesResponse, StatusCode: int32 ...)
 SearchPoliciesResponse (list: array, nextPageToken: string)
RequestCatalogSearch (SDK empty)
RequestCatalogSearchServiceSearchEntitlementsRequest (appDisplayName: string, entitlementAlias: string, expandMask: AppEntitlementExpandMask ...)
 GrantedStatus (enum: UNSPECIFIED, ALL, GRANTED ...)
C1ApiRequestcatalogV1RequestCatalogSearchServiceSearchEntitlementsResponse (ContentType: string, RequestCatalogSearchServiceSearchEntitlementsResponse: RequestCatalogSearchServiceSearchEntitlementsResponse, StatusCode: int32 ...)
 RequestCatalogSearchServiceSearchEntitlementsResponse (expanded: array, list: array, nextPageToken: string)
   RequestCatalogSearchServiceSearchEntitlementsResponseExpanded (@type: string, AdditionalProperties: map)
   AppEntitlementWithUserBindings (appEntitlementUserBindings: array, entitlement: AppEntitlementView)
RoleMiningManagementSearch (SDK empty)
RoleMiningSearchSuggestionsRequest (cohortTypes: array, matchTypes: array, pageSize: int32 ...)
  MatchTypes (enum: ACCESS_PROFILE_MATCH_TYPE_UNSPECIFIED, ACCESS_PROFILE_MATCH_TYPE_EXACT, ACCESS_PROFILE_MATCH_TYPE_SUPERSET ...)
  RoleMiningSearchSuggestionsRequestStates (enum: SUGGESTION_STATE_UNSPECIFIED, SUGGESTION_STATE_NEW, SUGGESTION_STATE_DISMISSED ...)
C1ApiRoleMiningManagementV1RoleMiningManagementSearchServiceSearchResponse (ContentType: string, RoleMiningSearchSuggestionsResponse: RoleMiningSearchSuggestionsResponse, StatusCode: int32 ...)
 RoleMiningSearchSuggestionsResponse (list: array, nextPageToken: string)
PaperSecretAdmin (SDK empty)
C1ApiSecretsV1PaperSecretAdminServiceGetRequest (vault_id: string)
C1ApiSecretsV1PaperSecretAdminServiceGetResponse (ContentType: string, PaperSecretAdminServiceGetResponse: PaperSecretAdminServiceGetResponse, StatusCode: int32 ...)
 PaperSecretAdminServiceGetResponse (secret: PaperSecret)
  PaperSecret (ageSuite: enum, allowedEmails: array, allowedUserIds: array ...)
   AgeSuite (enum: AGE_SUITE_UNSPECIFIED, AGE_SUITE_X25519, AGE_SUITE_MLKEM768X25519)
   InputFormat (enum: SECRET_INPUT_FORMAT_UNSPECIFIED, SECRET_INPUT_FORMAT_PLAINTEXT, SECRET_INPUT_FORMAT_JSON ...)
   SecretType (enum: SECRET_TYPE_UNSPECIFIED, SECRET_TYPE_TEXT, SECRET_TYPE_FILE)
   SharingMode (enum: PAPER_VAULT_SHARING_MODE_UNSPECIFIED, PAPER_VAULT_SHARING_MODE_INTERNAL, PAPER_VAULT_SHARING_MODE_EXTERNAL)
   PaperSecretStatus (enum: SECRET_STATUS_UNSPECIFIED, SECRET_STATUS_ACTIVE, SECRET_STATUS_EXPIRED ...)
C1ApiSecretsV1PaperSecretAdminServiceRevokeRequest (PaperSecretAdminServiceRevokeRequest: PaperSecretAdminServiceRevokeRequest, vault_id: string)
 PaperSecretAdminServiceRevokeRequest (empty)
C1ApiSecretsV1PaperSecretAdminServiceRevokeResponse (ContentType: string, PaperSecretAdminServiceRevokeResponse: PaperSecretAdminServiceRevokeResponse, StatusCode: int32 ...)
 PaperSecretAdminServiceRevokeResponse (secret: PaperSecret)
PaperSecretAdminServiceSearchRequest (createdAfter: date-time, createdBefore: date-time, creatorUserIds: array ...)
 PaperSecretAdminServiceSearchRequestSecretType (enum: SECRET_TYPE_UNSPECIFIED, SECRET_TYPE_TEXT, SECRET_TYPE_FILE)
 PaperSecretAdminServiceSearchRequestSharingMode (enum: PAPER_VAULT_SHARING_MODE_UNSPECIFIED, PAPER_VAULT_SHARING_MODE_INTERNAL, PAPER_VAULT_SHARING_MODE_EXTERNAL)
 PaperSecretAdminServiceSearchRequestSortBy (enum: SEARCH_SORT_BY_UNSPECIFIED, SEARCH_SORT_BY_CREATED_DESC, SEARCH_SORT_BY_CREATED_ASC ...)
  PaperSecretAdminServiceSearchRequestStatuses (enum: SECRET_STATUS_UNSPECIFIED, SECRET_STATUS_ACTIVE, SECRET_STATUS_EXPIRED ...)
C1ApiSecretsV1PaperSecretAdminServiceSearchResponse (ContentType: string, PaperSecretAdminServiceSearchResponse: PaperSecretAdminServiceSearchResponse, StatusCode: int32 ...)
 PaperSecretAdminServiceSearchResponse (list: array, nextPageToken: string)
PaperSecretAdminServiceSearchAuditEventsRequest (actorEmail: string, actorUserId: string, clientIp: string ...)
C1ApiSecretsV1PaperSecretAdminServiceSearchAuditEventsResponse (ContentType: string, PaperSecretAdminServiceSearchAuditEventsResponse: PaperSecretAdminServiceSearchAuditEventsResponse, StatusCode: int32 ...)
 PaperSecretAdminServiceSearchAuditEventsResponse (list: array, nextPageToken: string)
PaperSecret (SDK empty)
PaperSecretServiceCreateExternalRequest (allowedEmails: array, contentType: string, displayName: string ...)
 PaperSecretServiceCreateExternalRequestInputFormat (enum: SECRET_INPUT_FORMAT_UNSPECIFIED, SECRET_INPUT_FORMAT_PLAINTEXT, SECRET_INPUT_FORMAT_JSON ...)
 RequiredAgeSuite (enum: AGE_SUITE_UNSPECIFIED, AGE_SUITE_X25519, AGE_SUITE_MLKEM768X25519)
 PaperSecretServiceCreateExternalRequestSecretType (enum: SECRET_TYPE_UNSPECIFIED, SECRET_TYPE_TEXT, SECRET_TYPE_FILE)
C1ApiSecretsV1PaperSecretServiceCreateExternalResponse (ContentType: string, PaperSecretServiceCreateResponse: PaperSecretServiceCreateResponse, StatusCode: int32 ...)
 PaperSecretServiceCreateResponse (ageRecipient: string, ageSuite: enum, secret: PaperSecret ...)
  PaperSecretServiceCreateResponseAgeSuite (enum: AGE_SUITE_UNSPECIFIED, AGE_SUITE_X25519, AGE_SUITE_MLKEM768X25519)
PaperSecretServiceCreateInternalRequest (allowedUserIds: array, contentType: string, displayName: string ...)
 PaperSecretServiceCreateInternalRequestInputFormat (enum: SECRET_INPUT_FORMAT_UNSPECIFIED, SECRET_INPUT_FORMAT_PLAINTEXT, SECRET_INPUT_FORMAT_JSON ...)
 PaperSecretServiceCreateInternalRequestRequiredAgeSuite (enum: AGE_SUITE_UNSPECIFIED, AGE_SUITE_X25519, AGE_SUITE_MLKEM768X25519)
 PaperSecretServiceCreateInternalRequestSecretType (enum: SECRET_TYPE_UNSPECIFIED, SECRET_TYPE_TEXT, SECRET_TYPE_FILE)
C1ApiSecretsV1PaperSecretServiceCreateInternalResponse (ContentType: string, PaperSecretServiceCreateResponse: PaperSecretServiceCreateResponse, StatusCode: int32 ...)
C1ApiSecretsV1PaperSecretServiceGetRequest (vault_id: string)
C1ApiSecretsV1PaperSecretServiceGetResponse (ContentType: string, PaperSecretServiceGetResponse: PaperSecretServiceGetResponse, StatusCode: int32 ...)
 PaperSecretServiceGetResponse (secret: PaperSecret)
C1ApiSecretsV1PaperSecretServiceGetByShareCodeRequest (share_code: string)
C1ApiSecretsV1PaperSecretServiceGetByShareCodeResponse (ContentType: string, PaperSecretServiceGetResponse: PaperSecretServiceGetResponse, StatusCode: int32 ...)
C1ApiSecretsV1PaperSecretServiceGetContentRequest (PaperSecretServiceGetContentRequest: PaperSecretServiceGetContentRequest, vault_id: string)
 PaperSecretServiceGetContentRequest (readerRecipient: string)
C1ApiSecretsV1PaperSecretServiceGetContentResponse (ContentType: string, PaperSecretServiceGetContentResponse: PaperSecretServiceGetContentResponse, StatusCode: int32 ...)
 PaperSecretServiceGetContentResponse (createdAt: date-time, creatorUserId: string, downloadUrl: string ...)
  PaperSecretServiceGetContentResponseInputFormat (enum: SECRET_INPUT_FORMAT_UNSPECIFIED, SECRET_INPUT_FORMAT_PLAINTEXT, SECRET_INPUT_FORMAT_JSON ...)
  PaperSecretServiceGetContentResponseSecretType (enum: SECRET_TYPE_UNSPECIFIED, SECRET_TYPE_TEXT, SECRET_TYPE_FILE)
C1ApiSecretsV1PaperSecretServiceRevokeRequest (PaperSecretServiceRevokeRequest: PaperSecretServiceRevokeRequest, vault_id: string)
 PaperSecretServiceRevokeRequest (empty)
C1ApiSecretsV1PaperSecretServiceRevokeResponse (ContentType: string, PaperSecretServiceRevokeResponse: PaperSecretServiceRevokeResponse, StatusCode: int32 ...)
 PaperSecretServiceRevokeResponse (secret: PaperSecret)
PaperSecretServiceSearchAuditEventsRequest (pageSize: int32, pageToken: string, vaultId: string)
C1ApiSecretsV1PaperSecretServiceSearchAuditEventsResponse (ContentType: string, PaperSecretServiceSearchAuditEventsResponse: PaperSecretServiceSearchAuditEventsResponse, StatusCode: int32 ...)
 PaperSecretServiceSearchAuditEventsResponse (list: array, nextPageToken: string)
PaperSecretServiceSearchMySecretsRequest (pageSize: int32, pageToken: string, query: string ...)
 PaperSecretServiceSearchMySecretsRequestSecretType (enum: SECRET_TYPE_UNSPECIFIED, SECRET_TYPE_TEXT, SECRET_TYPE_FILE)
 PaperSecretServiceSearchMySecretsRequestSharingMode (enum: PAPER_VAULT_SHARING_MODE_UNSPECIFIED, PAPER_VAULT_SHARING_MODE_INTERNAL, PAPER_VAULT_SHARING_MODE_EXTERNAL)
 PaperSecretServiceSearchMySecretsRequestSortBy (enum: SEARCH_SORT_BY_UNSPECIFIED, SEARCH_SORT_BY_CREATED_DESC, SEARCH_SORT_BY_CREATED_ASC ...)
  PaperSecretServiceSearchMySecretsRequestStatuses (enum: SECRET_STATUS_UNSPECIFIED, SECRET_STATUS_ACTIVE, SECRET_STATUS_EXPIRED ...)
C1ApiSecretsV1PaperSecretServiceSearchMySecretsResponse (ContentType: string, PaperSecretServiceSearchResponse: PaperSecretServiceSearchResponse, StatusCode: int32 ...)
 PaperSecretServiceSearchResponse (list: array, nextPageToken: string)
C1ApiSecretsV1PaperSecretServiceSetTextContentRequest (PaperSecretServiceSetTextContentRequest: PaperSecretServiceSetTextContentRequest, vault_id: string)
 PaperSecretServiceSetTextContentRequest (encryptedContent: string, inputFormat: enum)
  PaperSecretServiceSetTextContentRequestInputFormat (enum: SECRET_INPUT_FORMAT_UNSPECIFIED, SECRET_INPUT_FORMAT_PLAINTEXT, SECRET_INPUT_FORMAT_JSON ...)
C1ApiSecretsV1PaperSecretServiceSetTextContentResponse (ContentType: string, PaperSecretServiceSetTextContentResponse: PaperSecretServiceSetTextContentResponse, StatusCode: int32 ...)
 PaperSecretServiceSetTextContentResponse (secret: PaperSecret)
SessionPolicy (SDK empty)
C1ApiSessionPolicyV1SessionPolicyServiceAssignGroupRequest (SessionPolicyServiceAssignGroupRequest: SessionPolicyServiceAssignGroupRequest, id: string)
 SessionPolicyServiceAssignGroupRequest (groupAppEntitlementId: string)
C1ApiSessionPolicyV1SessionPolicyServiceAssignGroupResponse (ContentType: string, SessionPolicyServiceAssignGroupResponse: SessionPolicyServiceAssignGroupResponse, StatusCode: int32 ...)
 SessionPolicyServiceAssignGroupResponse (empty)
C1ApiSessionPolicyV1SessionPolicyServiceAssignUserRequest (SessionPolicyServiceAssignUserRequest: SessionPolicyServiceAssignUserRequest, id: string)
 SessionPolicyServiceAssignUserRequest (userId: string)
C1ApiSessionPolicyV1SessionPolicyServiceAssignUserResponse (ContentType: string, SessionPolicyServiceAssignUserResponse: SessionPolicyServiceAssignUserResponse, StatusCode: int32 ...)
 SessionPolicyServiceAssignUserResponse (empty)
SessionPolicyServiceCreateRequest (accessTokenTtlSeconds: int32, continuousDefaultOutcome: SessionPolicyPolicyOutcome, continuousRules: array ...)
 SessionPolicyPolicyOutcome (allow: SessionPolicyAllow, challengeRequired: SessionPolicyChallengeRequired, deny: SessionPolicyDeny ...)
  SessionPolicyAllow (floorLevel: enum)
   SessionPolicyAllowFloorLevel (enum: AUTH_LEVEL_UNSPECIFIED, AUTH_LEVEL_NONE, AUTH_LEVEL_SINGLE_FACTOR ...)
  SessionPolicyChallengeRequired (types: array)
    SessionPolicyChallengeRequiredTypes (enum: CREDENTIAL_TYPE_UNSPECIFIED, CREDENTIAL_TYPE_PASSKEY, CREDENTIAL_TYPE_PASSWORD ...)
  SessionPolicyDeny (reasonAdmin: string, reasonUser: string)
  SessionPolicyEnrollmentRequired (credentialTypes: array)
    SessionPolicyEnrollmentRequiredCredentialTypes (enum: CREDENTIAL_TYPE_UNSPECIFIED, CREDENTIAL_TYPE_PASSKEY, CREDENTIAL_TYPE_PASSWORD ...)
  SessionPolicyStepUpRequired (level: enum, maxAgeSeconds: int32, types: array)
   Level (enum: AUTH_LEVEL_UNSPECIFIED, AUTH_LEVEL_NONE, AUTH_LEVEL_SINGLE_FACTOR ...)
    SessionPolicyStepUpRequiredTypes (enum: CREDENTIAL_TYPE_UNSPECIFIED, CREDENTIAL_TYPE_PASSKEY, CREDENTIAL_TYPE_PASSWORD ...)
  SessionPolicyPolicyRule (description: string, id: string, matchCel: string ...)
   SessionPolicyPolicyRuleMode (enum: POLICY_RULE_MODE_UNSPECIFIED, POLICY_RULE_MODE_ENFORCE, POLICY_RULE_MODE_OBSERVE ...)
  PerCredentialDuration (accessTokenTtlSeconds: int32, credentialType: enum, maxSessionDurationSeconds: int32)
   CredentialType (enum: CREDENTIAL_TYPE_UNSPECIFIED, CREDENTIAL_TYPE_PASSKEY, CREDENTIAL_TYPE_PASSWORD ...)
 SessionPolicyServiceCreateRequestPersistence (enum: PERSISTENCE_MODE_UNSPECIFIED, PERSISTENCE_MODE_ALLOW_USER_CHOICE, PERSISTENCE_MODE_ALWAYS_PERSIST ...)
 SsfReceiverConfig (enabled: boolean, ssfReceiverStreamIds: array)
 SsfTransmitterConfig (enabled: boolean, eventTypes: array, ssfTransmitterStreamIds: array)
C1ApiSessionPolicyV1SessionPolicyServiceCreateResponse (ContentType: string, SessionPolicyServiceCreateResponse: SessionPolicyServiceCreateResponse, StatusCode: int32 ...)
 SessionPolicyServiceCreateResponse (sessionPolicy: SessionPolicy)
  SessionPolicy (accessTokenTtlSeconds: int32, continuousDefaultOutcome: SessionPolicyPolicyOutcome, continuousRules: array ...)
   Persistence (enum: PERSISTENCE_MODE_UNSPECIFIED, PERSISTENCE_MODE_ALLOW_USER_CHOICE, PERSISTENCE_MODE_ALWAYS_PERSIST ...)
C1ApiSessionPolicyV1SessionPolicyServiceDeleteRequest (SessionPolicyServiceDeleteRequest: SessionPolicyServiceDeleteRequest, id: string)
 SessionPolicyServiceDeleteRequest (empty)
C1ApiSessionPolicyV1SessionPolicyServiceDeleteResponse (ContentType: string, SessionPolicyServiceDeleteResponse: SessionPolicyServiceDeleteResponse, StatusCode: int32 ...)
 SessionPolicyServiceDeleteResponse (empty)
C1ApiSessionPolicyV1SessionPolicyServiceGetRequest (id: string)
C1ApiSessionPolicyV1SessionPolicyServiceGetResponse (ContentType: string, SessionPolicyServiceGetResponse: SessionPolicyServiceGetResponse, StatusCode: int32 ...)
 SessionPolicyServiceGetResponse (sessionPolicy: SessionPolicy)
C1ApiSessionPolicyV1SessionPolicyServiceListRequest (page_size: int32, page_token: string)
C1ApiSessionPolicyV1SessionPolicyServiceListResponse (ContentType: string, SessionPolicyServiceListResponse: SessionPolicyServiceListResponse, StatusCode: int32 ...)
 SessionPolicyServiceListResponse (list: array, nextPageToken: string)
C1ApiSessionPolicyV1SessionPolicyServiceListAssignmentsRequest (id: string, page_size: int32, page_token: string)
C1ApiSessionPolicyV1SessionPolicyServiceListAssignmentsResponse (ContentType: string, SessionPolicyServiceListAssignmentsResponse: SessionPolicyServiceListAssignmentsResponse, StatusCode: int32 ...)
 SessionPolicyServiceListAssignmentsResponse (assignments: array, nextPageToken: string)
   Assignment (source: enum, userId: string)
    Source (enum: ASSIGNMENT_SOURCE_UNSPECIFIED, ASSIGNMENT_SOURCE_DIRECT, ASSIGNMENT_SOURCE_GROUP)
SessionPolicyServiceSearchRequest (pageSize: int32, pageToken: string, query: string ...)
  SessionPolicyRef (id: string)
C1ApiSessionPolicyV1SessionPolicyServiceSearchResponse (ContentType: string, SessionPolicyServiceSearchResponse: SessionPolicyServiceSearchResponse, StatusCode: int32 ...)
 SessionPolicyServiceSearchResponse (list: array, nextPageToken: string)
C1ApiSessionPolicyV1SessionPolicyServiceUnassignGroupRequest (SessionPolicyServiceUnassignGroupRequest: SessionPolicyServiceUnassignGroupRequest, group_app_entitlement_id: string, id: string)
 SessionPolicyServiceUnassignGroupRequest (empty)
C1ApiSessionPolicyV1SessionPolicyServiceUnassignGroupResponse (ContentType: string, SessionPolicyServiceUnassignGroupResponse: SessionPolicyServiceUnassignGroupResponse, StatusCode: int32 ...)
 SessionPolicyServiceUnassignGroupResponse (empty)
C1ApiSessionPolicyV1SessionPolicyServiceUnassignUserRequest (SessionPolicyServiceUnassignUserRequest: SessionPolicyServiceUnassignUserRequest, id: string, user_id: string)
 SessionPolicyServiceUnassignUserRequest (empty)
C1ApiSessionPolicyV1SessionPolicyServiceUnassignUserResponse (ContentType: string, SessionPolicyServiceUnassignUserResponse: SessionPolicyServiceUnassignUserResponse, StatusCode: int32 ...)
 SessionPolicyServiceUnassignUserResponse (empty)
C1ApiSessionPolicyV1SessionPolicyServiceUpdateRequest (SessionPolicyServiceUpdateRequest: SessionPolicyServiceUpdateRequest, id: string)
 SessionPolicyServiceUpdateRequest (sessionPolicy: SessionPolicy_input, updateMask: string)
  SessionPolicyInput (accessTokenTtlSeconds: int32, continuousDefaultOutcome: SessionPolicyPolicyOutcome, continuousRules: array ...)
C1ApiSessionPolicyV1SessionPolicyServiceUpdateResponse (ContentType: string, SessionPolicyServiceUpdateResponse: SessionPolicyServiceUpdateResponse, StatusCode: int32 ...)
 SessionPolicyServiceUpdateResponse (sessionPolicy: SessionPolicy)
SignInPolicy (SDK empty)
SignInPolicyServiceCreateRequest (allowedMfaTypes: array, allowedPrimaryTypes: array, defaultOutcome: PolicyOutcome ...)
  SignInPolicyServiceCreateRequestAllowedMfaTypes (enum: CREDENTIAL_TYPE_UNSPECIFIED, CREDENTIAL_TYPE_PASSKEY, CREDENTIAL_TYPE_PASSWORD ...)
  SignInPolicyServiceCreateRequestAllowedPrimaryTypes (enum: CREDENTIAL_TYPE_UNSPECIFIED, CREDENTIAL_TYPE_PASSKEY, CREDENTIAL_TYPE_PASSWORD ...)
 PolicyOutcome (allow: Allow, challengeRequired: ChallengeRequired, deny: Deny ...)
  Allow (floorLevel: enum)
   FloorLevel (enum: AUTH_LEVEL_UNSPECIFIED, AUTH_LEVEL_NONE, AUTH_LEVEL_SINGLE_FACTOR ...)
  ChallengeRequired (types: array)
    Types (enum: CREDENTIAL_TYPE_UNSPECIFIED, CREDENTIAL_TYPE_PASSKEY, CREDENTIAL_TYPE_PASSWORD ...)
  Deny (reasonAdmin: string, reasonUser: string)
  EnrollmentRequired (credentialTypes: array)
    CredentialTypes (enum: CREDENTIAL_TYPE_UNSPECIFIED, CREDENTIAL_TYPE_PASSKEY, CREDENTIAL_TYPE_PASSWORD ...)
  StepUpRequired (level: enum, maxAgeSeconds: int32, types: array)
   StepUpRequiredLevel (enum: AUTH_LEVEL_UNSPECIFIED, AUTH_LEVEL_NONE, AUTH_LEVEL_SINGLE_FACTOR ...)
    StepUpRequiredTypes (enum: CREDENTIAL_TYPE_UNSPECIFIED, CREDENTIAL_TYPE_PASSKEY, CREDENTIAL_TYPE_PASSWORD ...)
  PolicyRule (description: string, id: string, matchCel: string ...)
   PolicyRuleMode (enum: POLICY_RULE_MODE_UNSPECIFIED, POLICY_RULE_MODE_ENFORCE, POLICY_RULE_MODE_OBSERVE ...)
C1ApiSignInPolicyV1SignInPolicyServiceCreateResponse (ContentType: string, SignInPolicyServiceCreateResponse: SignInPolicyServiceCreateResponse, StatusCode: int32 ...)
 SignInPolicyServiceCreateResponse (signInPolicy: SignInPolicy)
  SignInPolicy (allowedMfaTypes: array, allowedPrimaryTypes: array, createdAt: date-time ...)
    AllowedMfaTypes (enum: CREDENTIAL_TYPE_UNSPECIFIED, CREDENTIAL_TYPE_PASSKEY, CREDENTIAL_TYPE_PASSWORD ...)
    AllowedPrimaryTypes (enum: CREDENTIAL_TYPE_UNSPECIFIED, CREDENTIAL_TYPE_PASSKEY, CREDENTIAL_TYPE_PASSWORD ...)
C1ApiSignInPolicyV1SignInPolicyServiceDeleteRequest (SignInPolicyServiceDeleteRequest: SignInPolicyServiceDeleteRequest, id: string)
 SignInPolicyServiceDeleteRequest (empty)
C1ApiSignInPolicyV1SignInPolicyServiceDeleteResponse (ContentType: string, SignInPolicyServiceDeleteResponse: SignInPolicyServiceDeleteResponse, StatusCode: int32 ...)
 SignInPolicyServiceDeleteResponse (empty)
C1ApiSignInPolicyV1SignInPolicyServiceGetRequest (id: string)
C1ApiSignInPolicyV1SignInPolicyServiceGetResponse (ContentType: string, SignInPolicyServiceGetResponse: SignInPolicyServiceGetResponse, StatusCode: int32 ...)
 SignInPolicyServiceGetResponse (signInPolicy: SignInPolicy)
C1ApiSignInPolicyV1SignInPolicyServiceListRequest (page_size: int32, page_token: string)
C1ApiSignInPolicyV1SignInPolicyServiceListResponse (ContentType: string, SignInPolicyServiceListResponse: SignInPolicyServiceListResponse, StatusCode: int32 ...)
 SignInPolicyServiceListResponse (list: array, nextPageToken: string)
SignInPolicyServiceSearchRequest (pageSize: int32, pageToken: string, query: string ...)
  SignInPolicyRef (id: string)
C1ApiSignInPolicyV1SignInPolicyServiceSearchResponse (ContentType: string, SignInPolicyServiceSearchResponse: SignInPolicyServiceSearchResponse, StatusCode: int32 ...)
 SignInPolicyServiceSearchResponse (list: array, nextPageToken: string)
C1ApiSignInPolicyV1SignInPolicyServiceUpdateRequest (SignInPolicyServiceUpdateRequest: SignInPolicyServiceUpdateRequest, id: string)
 SignInPolicyServiceUpdateRequest (signInPolicy: SignInPolicy_input, updateMask: string)
  SignInPolicyInput (allowedMfaTypes: array, allowedPrimaryTypes: array, defaultOutcome: PolicyOutcome ...)
C1ApiSignInPolicyV1SignInPolicyServiceUpdateResponse (ContentType: string, SignInPolicyServiceUpdateResponse: SignInPolicyServiceUpdateResponse, StatusCode: int32 ...)
 SignInPolicyServiceUpdateResponse (signInPolicy: SignInPolicy)
SsfReceiverEventSearch (SDK empty)
SsfReceiverEventSearchServiceSearchRequest (eventType: string, matchedUserId: string, outcome: enum ...)
 SsfReceiverEventSearchServiceSearchRequestOutcome (enum: SSF_EVENT_OUTCOME_UNSPECIFIED, SSF_EVENT_OUTCOME_SESSIONS_REVOKED, SSF_EVENT_OUTCOME_LOGGED ...)
C1ApiSsfReceiverV1SsfReceiverEventSearchServiceSearchResponse (ContentType: string, SSFReceiverEventSearchServiceSearchResponse: SSFReceiverEventSearchServiceSearchResponse, StatusCode: int32 ...)
 SsfReceiverEventSearchServiceSearchResponse (list: array, nextPageToken: string)
   SsfReceiverEvent (canonicalType: enum, id: string, matchMethod: enum ...)
    CanonicalType (enum: SSF_CANONICAL_EVENT_TYPE_UNSPECIFIED, SSF_CANONICAL_EVENT_TYPE_UNRECOGNIZED, SSF_CANONICAL_EVENT_TYPE_SESSION_REVOKED ...)
    MatchMethod (enum: SSF_SUBJECT_MATCH_METHOD_UNSPECIFIED, SSF_SUBJECT_MATCH_METHOD_IDP_USER, SSF_SUBJECT_MATCH_METHOD_EMAIL ...)
    Outcome (enum: SSF_EVENT_OUTCOME_UNSPECIFIED, SSF_EVENT_OUTCOME_SESSIONS_REVOKED, SSF_EVENT_OUTCOME_LOGGED ...)
StepUpProvider (SDK empty)
CreateStepUpProviderRequest (clientId: string, clientSecret: string, displayName: string ...)
 StepUpMicrosoftSettings (conditionalAccessIds: array, tenant: string, validationMode: enum)
  ValidationMode (enum: MICROSOFT_VALIDATION_MODE_UNSPECIFIED, MICROSOFT_VALIDATION_MODE_ACRS, MICROSOFT_VALIDATION_MODE_OIDC)
 StepUpOAuth2Settings (acrValues: array)
C1ApiStepupV1StepUpProviderServiceCreateResponse (ContentType: string, CreateStepUpProviderResponse: CreateStepUpProviderResponse, StatusCode: int32 ...)
 CreateStepUpProviderResponse (stepUpProvider: StepUpProvider)
  StepUpProvider (clientId: string, createdAt: date-time, displayName: string ...)
C1ApiStepupV1StepUpProviderServiceDeleteRequest (DeleteStepUpProviderRequest: DeleteStepUpProviderRequest, id: string)
 DeleteStepUpProviderRequest (empty)
C1ApiStepupV1StepUpProviderServiceDeleteResponse (ContentType: string, DeleteStepUpProviderResponse: DeleteStepUpProviderResponse, StatusCode: int32 ...)
 DeleteStepUpProviderResponse (empty)
C1ApiStepupV1StepUpProviderServiceGetRequest (id: string)
C1ApiStepupV1StepUpProviderServiceGetResponse (ContentType: string, GetStepUpProviderResponse: GetStepUpProviderResponse, StatusCode: int32 ...)
 GetStepUpProviderResponse (stepUpProvider: StepUpProvider)
C1ApiStepupV1StepUpProviderServiceListResponse (ContentType: string, ListStepUpProvidersResponse: ListStepUpProvidersResponse, StatusCode: int32 ...)
 ListStepUpProvidersResponse (list: array, nextPageToken: string)
SearchStepUpProvidersRequest (pageSize: int32, pageToken: string, providerType: enum ...)
 ProviderType (enum: PROVIDER_TYPE_UNSPECIFIED, PROVIDER_TYPE_OAUTH2, PROVIDER_TYPE_MICROSOFT)
  StepUpProviderRef (id: string)
C1ApiStepupV1StepUpProviderServiceSearchResponse (ContentType: string, SearchStepUpProvidersResponse: SearchStepUpProvidersResponse, StatusCode: int32 ...)
 SearchStepUpProvidersResponse (list: array, nextPageToken: string)
C1ApiStepupV1StepUpProviderServiceTestRequest (TestStepUpProviderRequest: TestStepUpProviderRequest, id: string)
 TestStepUpProviderRequest (empty)
C1ApiStepupV1StepUpProviderServiceTestResponse (ContentType: string, StatusCode: int32, RawResponse: response ...)
 TestStepUpProviderResponse (redirectUrl: string)
C1ApiStepupV1StepUpProviderServiceUpdateRequest (UpdateStepUpProviderRequest: UpdateStepUpProviderRequest, id: string)
 UpdateStepUpProviderRequest (stepUpProvider: StepUpProvider_input, updateMask: string)
  StepUpProviderInput (clientId: string, displayName: string, enabled: boolean ...)
C1ApiStepupV1StepUpProviderServiceUpdateResponse (ContentType: string, StatusCode: int32, RawResponse: response ...)
 UpdateStepUpProviderResponse (stepUpProvider: StepUpProvider)
C1ApiStepupV1StepUpProviderServiceUpdateSecretRequest (UpdateStepUpProviderSecretRequest: UpdateStepUpProviderSecretRequest, id: string)
 UpdateStepUpProviderSecretRequest (clientSecret: string)
C1ApiStepupV1StepUpProviderServiceUpdateSecretResponse (ContentType: string, StatusCode: int32, RawResponse: response ...)
 UpdateStepUpProviderSecretResponse (stepUpProvider: StepUpProvider)
StepUpTransaction (SDK empty)
C1ApiStepupV1StepUpTransactionServiceGetRequest (id: string)
C1ApiStepupV1StepUpTransactionServiceGetResponse (ContentType: string, GetStepUpTransactionResponse: GetStepUpTransactionResponse, StatusCode: int32 ...)
 GetStepUpTransactionResponse (transaction: StepUpTransaction)
  StepUpTransaction (approveTask: TargetTask, claims: map, createdAt: date-time ...)
   TargetTask (policyStepId: string, taskId: string)
   StepUpTransactionState (enum: STEP_UP_TRANSACTION_STATE_UNSPECIFIED, STEP_UP_TRANSACTION_STATE_PENDING, STEP_UP_TRANSACTION_STATE_VERIFIED ...)
   TargetTest (empty)
SearchStepUpTransactionsRequest (createdAfter: date-time, createdBefore: date-time, pageSize: int32 ...)
 SearchStepUpTransactionsRequestState (enum: STEP_UP_TRANSACTION_STATE_UNSPECIFIED, STEP_UP_TRANSACTION_STATE_PENDING, STEP_UP_TRANSACTION_STATE_VERIFIED ...)
 TargetType (enum: TARGET_TYPE_UNSPECIFIED, TARGET_TYPE_TICKET, TARGET_TYPE_TEST)
C1ApiStepupV1StepUpTransactionServiceSearchResponse (ContentType: string, SearchStepUpTransactionsResponse: SearchStepUpTransactionsResponse, StatusCode: int32 ...)
 SearchStepUpTransactionsResponse (list: array, nextPageToken: string)
ExportsSearch (SDK empty)
ExportsSearchServiceSearchRequest (displayName: string, pageSize: int32, pageToken: string ...)
  ExporterRef (exportId: string)
C1ApiSystemlogV1ExportsSearchServiceSearchResponse (ContentType: string, ExportsSearchServiceSearchResponse: ExportsSearchServiceSearchResponse, StatusCode: int32 ...)
 ExportsSearchServiceSearchResponse (list: array, nextPageToken: string)
   Exporter (createdAt: date-time, datasource: ExportToDatasource, deletedAt: date-time ...)
    ExportToDatasource (datasourceId: string, format: enum, prefix: string)
     ExportToDatasourceFormat (enum: EXPORT_FORMAT_UNSPECIFIED, EXPORT_FORMAT_OCSF_JSON_ZSTD, EXPORT_FORMAT_OCSF_JSON_GZIP)
    ExporterState (enum: EXPORT_STATE_UNSPECIFIED, EXPORT_STATE_EXPORTING, EXPORT_STATE_WAITING ...)
TaskSearch (SDK empty)
TaskSearchRequest (accessReviewIds: array, accountOwnerIds: array, accountTypes: array ...)
  TaskSearchRequestAccountTypes (enum: APP_USER_TYPE_UNSPECIFIED, APP_USER_TYPE_USER, APP_USER_TYPE_SERVICE_ACCOUNT ...)
  CertifyOutcomes (enum: CERTIFY_OUTCOME_UNSPECIFIED, CERTIFY_OUTCOME_CERTIFIED, CERTIFY_OUTCOME_DECERTIFIED ...)
 CurrentStep (enum: TASK_SEARCH_CURRENT_STEP_UNSPECIFIED, TASK_SEARCH_CURRENT_STEP_APPROVAL, TASK_SEARCH_CURRENT_STEP_PROVISION)
 EmergencyStatus (enum: UNSPECIFIED, ALL, NON_EMERGENCY ...)
 TaskExpandMask (paths: array)
  GrantOutcomes (enum: GRANT_OUTCOME_UNSPECIFIED, GRANT_OUTCOME_GRANTED, GRANT_OUTCOME_DENIED ...)
 PendingActionFilter (enum: PENDING_ACTION_FILTER_UNSPECIFIED, PENDING_ACTION_FILTER_WITH_PENDING, PENDING_ACTION_FILTER_WITHOUT_PENDING)
  TaskRef (id: string)
  RevokeOutcomes (enum: REVOKE_OUTCOME_UNSPECIFIED, REVOKE_OUTCOME_REVOKED, REVOKE_OUTCOME_DENIED ...)
 TaskSearchRequestSortBy (enum: TASK_SEARCH_SORT_BY_UNSPECIFIED, TASK_SEARCH_SORT_BY_ACCOUNT, TASK_SEARCH_SORT_BY_RESOURCE ...)
  StepApprovalTypes (enum: STEP_APPROVAL_TYPE_UNSPECIFIED, STEP_APPROVAL_TYPE_USERS, STEP_APPROVAL_TYPE_MANAGER ...)
  TaskStates (enum: TASK_STATE_UNSPECIFIED, TASK_STATE_OPEN, TASK_STATE_CLOSED)
  TaskTypeInput (action: TaskTypeAction_input, certify: TaskTypeCertify_input, finding: TaskTypeFinding_input ...)
   TaskTypeActionInput (actionInstance: TaskActionInstance_input, finding: FindingTarget_input, scopeRole: ScopeRole_input ...)
    TaskActionInstanceInput (batonResourceActionRef: BatonResourceActionRef_input, connectorActionRef: ConnectorActionRef_input)
     BatonResourceActionRefInput (empty)
     ConnectorActionRefInput (empty)
    FindingTargetInput (empty)
    ScopeRoleInput (empty)
    GatedToolCallTargetInput (empty)
   TaskTypeCertifyInput (resource: AppResourceRef)
   TaskTypeFindingInput (empty)
   TaskTypeGrantInput (source: TaskGrantSource)
    TaskGrantSource (conversationId: string, externalUrl: string, integrationId: string ...)
   TaskTypeOffboardingInput (empty)
   TaskTypeRevokeInput (resource: AppResourceRef, source: TaskRevokeSource)
    TaskRevokeSource (expired: TaskRevokeSourceExpired, nonUsage: TaskRevokeSourceNonUsage, request: TaskRevokeSourceRequest ...)
     TaskRevokeSourceExpired (expiredAt: date-time)
     TaskRevokeSourceNonUsage (expiresAt: date-time, lastLogin: date-time)
     TaskRevokeSourceRequest (requestUserId: string)
     TaskRevokeSourceReview (accessReviewId: string, certTicketId: string)
C1ApiTaskV1TaskSearchServiceSearchResponse (ContentType: string, StatusCode: int32, RawResponse: response ...)
 TaskSearchResponse (expanded: array, list: array, nextPageToken: string)
   TaskSearchResponseExpanded (@type: string, AdditionalProperties: map)
   TaskView (accessReviewPath: string, appPath: string, appUserLastUsagePath: string ...)
    UserActorObjectPermissions (delete: boolean, edit: boolean, extra: map ...)
    Task (actions: array, analysisId: string, annotations: array ...)
      Actions (enum: TASK_ACTION_TYPE_UNSPECIFIED, TASK_ACTION_TYPE_CLOSE, TASK_ACTION_TYPE_APPROVE ...)
      Annotations (@type: string, AdditionalProperties: map)
      ExternalRef (externalRefSource: enum, name: string, url: string)
       ExternalRefSource (enum: UNSPECIFIED, JIRA)
     Origin (enum: TASK_ORIGIN_UNSPECIFIED, TASK_ORIGIN_PROFILE_MEMBERSHIP_AUTOMATION, TASK_ORIGIN_SLACK ...)
     PolicyInstance (current: PolicyStepInstance, history: array, next: array ...)
      PolicyStepInstance (accept: AcceptInstance, action: ActionInstance, approval: ApprovalInstance ...)
       AcceptInstance (acceptMessage: string)
       ActionInstance (action: Action, automation: ActionTargetAutomationInstance, batonResourceActionInstance: ActionTargetBatonResourceActionInstance ...)
        ActionTargetAutomationInstance (automationExecutionId: string)
        ActionTargetBatonResourceActionInstance (batonActionInvocationId: string)
        ActionOutcomeCancelled (outcomeTime: date-time)
        ActionTargetClientIdApprovalInstance (clientIdUrl: string)
        ActionOutcomeDenied (outcomeTime: date-time)
        ActionOutcomeError (errorCode: string, errorMessage: string, outcomeTime: date-time)
        ActionInstanceState (enum: ACTION_INSTANCE_STATE_UNSPECIFIED, ACTION_INSTANCE_STATE_INIT, ACTION_INSTANCE_STATE_RUNNING ...)
        ActionOutcomeSuccess (outcomeTime: date-time)
       ApprovalInstance (approval: Approval, approved: ApprovedAction, assignedAt: date-time ...)
        ApprovedAction (approvedAt: date-time, entitlements: array, stepUpTransactionId: string ...)
        DeniedAction (deniedAt: date-time, userId: string)
        EscalationInstance (alreadyEscalated: boolean, cancelTicket: EscalationInstanceCancelTicket, escalationComment: string ...)
         EscalationInstanceCancelTicket (empty)
         EscalationInstanceReassignToApprovers (approverIds: array)
         EscalationInstanceReplacePolicy (policyId: string)
         EscalationInstanceSkipStep (empty)
        ReassignedAction (newPolicyStepId: string, reassignedAt: date-time, userId: string)
        ReassignedByErrorAction (description: string, errorCode: string, errorUserId: string ...)
        RestartAction (oldPolicyStepId: string, restartedAt: date-time, userId: string)
        SkippedAction (newPolicyStepId: string, skippedAt: date-time, userId: string)
        ApprovalInstanceState (enum: APPROVAL_INSTANCE_STATE_UNSPECIFIED, APPROVAL_INSTANCE_STATE_INIT, APPROVAL_INSTANCE_STATE_SENDING_NOTIFICATIONS ...)
       FormInstance (completed: FormCompletedAction, data: map, form: RequestSchemaForm ...)
        FormCompletedAction (completedAt: date-time, userId: string)
        FormInstanceState (enum: FORM_INSTANCE_STATE_UNSPECIFIED, FORM_INSTANCE_STATE_WAITING, FORM_INSTANCE_STATE_DONE)
       ProvisionInstance (batonActionInvocationId: string, cancelled: CancelledAction, completed: CompletedAction ...)
        CancelledAction (cancelledAt: date-time, cancelledByUserId: string)
        CompletedAction (completedAt: date-time, entitlements: array, userId: string)
        ErroredAction (description: string, errorCode: string, erroredAt: date-time)
        ProvisionInstanceState (enum: PROVISION_INSTANCE_STATE_UNSPECIFIED, PROVISION_INSTANCE_STATE_INIT, PROVISION_INSTANCE_STATE_CREATE_CONNECTOR_ACTIONS_FOR_TARGET ...)
       RejectInstance (rejectMessage: string)
       PolicyStepInstanceState (enum: POLICY_STEP_STATE_UNSPECIFIED, POLICY_STEP_STATE_ACTIVE, POLICY_STEP_STATE_DONE)
       WaitInstance (commentOnFirstWait: string, commentOnTimeout: string, condition: WaitConditionInstance ...)
        WaitConditionInstance (condition: string)
        WaitInstanceState (enum: WAIT_INSTANCE_STATE_UNSPECIFIED, WAIT_INSTANCE_STATE_WAITING, WAIT_INSTANCE_STATE_COMPLETED ...)
        ConditionSucceeded (succeededAt: date-time)
        ConditionTimedOut (timedOutAt: date-time)
        WaitUntilTimeInstance (durationIfExists: string, untilTime: date-time)
     Processing (enum: TASK_PROCESSING_TYPE_UNSPECIFIED, TASK_PROCESSING_TYPE_PROCESSING, TASK_PROCESSING_TYPE_WAITING ...)
     Recommendation (enum: INSIGHT_RECOMMENDATION_UNSPECIFIED, INSIGHT_RECOMMENDATION_APPROVE, INSIGHT_RECOMMENDATION_DENY ...)
      TaskRevocationTarget (entitlementRef: AppEntitlementRef)
     TaskState (enum: TASK_STATE_UNSPECIFIED, TASK_STATE_OPEN, TASK_STATE_CLOSED)
     TaskType (action: TaskTypeAction, certify: TaskTypeCertify, finding: TaskTypeFinding ...)
      TaskTypeAction (actionId: string, actionInstance: TaskActionInstance, createdAppEntitlementIds: array ...)
       TaskActionInstance (batonResourceActionRef: BatonResourceActionRef, connectorActionRef: ConnectorActionRef, displayName: string)
        BatonResourceActionRef (appId: string, batonActionDisplayName: string, batonActionName: string ...)
        ConnectorActionRef (appId: string, connectorId: string, operation: enum)
         Operation (enum: OPERATION_UNSPECIFIED, OPERATION_GRANT)
       FindingTarget (findingId: string, findingType: string)
       TaskTypeActionOutcome (enum: ACTION_OUTCOME_UNSPECIFIED, ACTION_OUTCOME_SUCCESS, ACTION_OUTCOME_DENIED ...)
       ScopeRole (appId: string, grantDuration: string, roleResourceId: string ...)
       GatedToolCallTarget (appEntitlementId: string, appId: string, callerKind: string ...)
        ToolOutput (union)
         3 (empty)
       TaskTypeActionType (enum: TYPE_UNSPECIFIED, TYPE_GRANT, TYPE_WORKFLOW ...)
      TaskTypeCertify (accessReviewId: string, accessReviewSelection: string, appEntitlementId: string ...)
       TaskTypeCertifyOutcome (enum: CERTIFY_OUTCOME_UNSPECIFIED, CERTIFY_OUTCOME_CERTIFIED, CERTIFY_OUTCOME_DECERTIFIED ...)
      TaskTypeFinding (findingId: string, findingType: string, outcome: enum ...)
       TaskTypeFindingOutcome (enum: FINDING_TASK_OUTCOME_UNSPECIFIED, FINDING_TASK_OUTCOME_REMEDIATED, FINDING_TASK_OUTCOME_RISK_ACCEPTED ...)
      TaskTypeGrant (appEntitlementId: string, appId: string, appUserId: string ...)
       TaskTypeGrantOutcome (enum: GRANT_OUTCOME_UNSPECIFIED, GRANT_OUTCOME_GRANTED, GRANT_OUTCOME_DENIED ...)
      TaskTypeOffboarding (outcome: enum, outcomeTime: date-time, subjectUserId: string)
       TaskTypeOffboardingOutcome (enum: OFFBOARDING_OUTCOME_UNSPECIFIED, OFFBOARDING_OUTCOME_IN_PROGRESS, OFFBOARDING_OUTCOME_DONE ...)
      TaskTypeRevoke (appEntitlementId: string, appId: string, appUserId: string ...)
       TaskTypeRevokeOutcome (enum: REVOKE_OUTCOME_UNSPECIFIED, REVOKE_OUTCOME_REVOKED, REVOKE_OUTCOME_DENIED ...)
UserSearch (SDK empty)
SearchUsersRequest (delegateStatus: enum, delegatedUserIds: array, departments: array ...)
 DelegateStatus (enum: DELEGATE_STATUS_UNSPECIFIED, DELEGATE_STATUS_HAS_DELEGATE, DELEGATE_STATUS_NO_DELEGATE)
  ExcludeOrigins (enum: USER_ORIGIN_UNSPECIFIED, USER_ORIGIN_DIRECTORY, USER_ORIGIN_LOCAL ...)
  ExcludeTypes (enum: USER_TYPE_UNSPECIFIED, USER_TYPE_SYSTEM, USER_TYPE_HUMAN ...)
 UserExpandMask (paths: array)
  Origins (enum: USER_ORIGIN_UNSPECIFIED, USER_ORIGIN_DIRECTORY, USER_ORIGIN_LOCAL ...)
  SearchUsersRequestUserStatuses (enum: UNKNOWN, ENABLED, DISABLED ...)
C1ApiUserV1UserSearchSearchResponse (ContentType: string, SearchUsersResponse: SearchUsersResponse, StatusCode: int32 ...)
 SearchUsersResponse (expanded: array, list: array, nextPageToken: string)
   SearchUsersResponseExpanded (@type: string, AdditionalProperties: map)
   UserView (delegatedUserPath: string, directoriesPath: string, managersPath: string ...)
WebhooksSearch (SDK empty)
WebhooksSearchRequest (pageSize: int32, pageToken: string, query: string ...)
  WebhookRef (id: string)
C1ApiWebhooksV1WebhooksSearchSearchResponse (ContentType: string, StatusCode: int32, RawResponse: response ...)
 WebhooksSearchResponse (list: array, nextPageToken: string)
   WebhookEndpoint (callbackTimeout: string, createdAt: date-time, deletedAt: date-time ...)
WorkloadFederation (SDK empty)
WorkloadFederationServiceCreateProviderRequest (description: string, displayName: string, issuerUrl: string ...)
 OidcSettings (empty)
 SpiffeSettings (bundleEndpointUrl: string)
 WorkloadFederationServiceCreateProviderRequestWellKnownProvider (enum: WELL_KNOWN_WORKLOAD_PROVIDER_UNSPECIFIED, WELL_KNOWN_WORKLOAD_PROVIDER_CUSTOM, WELL_KNOWN_WORKLOAD_PROVIDER_GITHUB_ACTIONS ...)
C1ApiWorkloadFederationV1WorkloadFederationServiceCreateProviderResponse (ContentType: string, StatusCode: int32, RawResponse: response ...)
 WorkloadFederationServiceCreateProviderResponse (provider: WorkloadFederationProvider)
  WorkloadFederationProvider (createdAt: date-time, description: string, disabled: boolean ...)
   WellKnownProvider (enum: WELL_KNOWN_WORKLOAD_PROVIDER_UNSPECIFIED, WELL_KNOWN_WORKLOAD_PROVIDER_CUSTOM, WELL_KNOWN_WORKLOAD_PROVIDER_GITHUB_ACTIONS ...)
C1ApiWorkloadFederationV1WorkloadFederationServiceCreateTrustRequest (WorkloadFederationServiceCreateTrustRequest: WorkloadFederationServiceCreateTrustRequest, service_principal_id: string)
 WorkloadFederationServiceCreateTrustRequest (allowSourceCidrs: array, conditionExpression: string, description: string ...)
C1ApiWorkloadFederationV1WorkloadFederationServiceCreateTrustResponse (ContentType: string, StatusCode: int32, RawResponse: response ...)
 WorkloadFederationServiceCreateTrustResponse (trust: WorkloadFederationTrust)
  WorkloadFederationTrust (allowSourceCidrs: array, clientId: string, conditionExpression: string ...)
C1ApiWorkloadFederationV1WorkloadFederationServiceDeleteProviderRequest (WorkloadFederationServiceDeleteProviderRequest: WorkloadFederationServiceDeleteProviderRequest, id: string)
 WorkloadFederationServiceDeleteProviderRequest (empty)
C1ApiWorkloadFederationV1WorkloadFederationServiceDeleteProviderResponse (ContentType: string, StatusCode: int32, RawResponse: response ...)
 WorkloadFederationServiceDeleteProviderResponse (empty)
C1ApiWorkloadFederationV1WorkloadFederationServiceDeleteTrustRequest (WorkloadFederationServiceDeleteTrustRequest: WorkloadFederationServiceDeleteTrustRequest, client_id: string, service_principal_id: string)
 WorkloadFederationServiceDeleteTrustRequest (empty)
C1ApiWorkloadFederationV1WorkloadFederationServiceDeleteTrustResponse (ContentType: string, StatusCode: int32, RawResponse: response ...)
 WorkloadFederationServiceDeleteTrustResponse (empty)
C1ApiWorkloadFederationV1WorkloadFederationServiceGetProviderRequest (id: string)
C1ApiWorkloadFederationV1WorkloadFederationServiceGetProviderResponse (ContentType: string, StatusCode: int32, RawResponse: response ...)
 WorkloadFederationServiceGetProviderResponse (provider: WorkloadFederationProvider)
C1ApiWorkloadFederationV1WorkloadFederationServiceGetTrustRequest (client_id: string, service_principal_id: string)
C1ApiWorkloadFederationV1WorkloadFederationServiceGetTrustResponse (ContentType: string, StatusCode: int32, RawResponse: response ...)
 WorkloadFederationServiceGetTrustResponse (trust: WorkloadFederationTrust)
C1ApiWorkloadFederationV1WorkloadFederationServiceListProvidersResponse (ContentType: string, StatusCode: int32, RawResponse: response ...)
 WorkloadFederationServiceListProvidersResponse (list: array, nextPageToken: string)
C1ApiWorkloadFederationV1WorkloadFederationServiceListTrustsRequest (service_principal_id: string)
C1ApiWorkloadFederationV1WorkloadFederationServiceListTrustsResponse (ContentType: string, StatusCode: int32, RawResponse: response ...)
 WorkloadFederationServiceListTrustsResponse (list: array, nextPageToken: string)
WorkloadFederationServiceSearchTrustsRequest (pageSize: int32, pageToken: string, providerId: string ...)
C1ApiWorkloadFederationV1WorkloadFederationServiceSearchTrustsResponse (ContentType: string, StatusCode: int32, RawResponse: response ...)
 WorkloadFederationServiceSearchTrustsResponse (list: array, nextPageToken: string)
WorkloadFederationServiceTestCelRequest (claimsJson: string, expression: string)
C1ApiWorkloadFederationV1WorkloadFederationServiceTestCelResponse (ContentType: string, StatusCode: int32, RawResponse: response ...)
 WorkloadFederationServiceTestCelResponse (error: string, expression: string, matched: boolean)
C1ApiWorkloadFederationV1WorkloadFederationServiceTestTokenRequest (WorkloadFederationServiceTestTokenRequest: WorkloadFederationServiceTestTokenRequest, client_id: string, service_principal_id: string)
 WorkloadFederationServiceTestTokenRequest (sourceIp: string, subjectToken: string)
C1ApiWorkloadFederationV1WorkloadFederationServiceTestTokenResponse (ContentType: string, StatusCode: int32, RawResponse: response ...)
 WorkloadFederationServiceTestTokenResponse (audienceValidation: TestTokenStepResult, celEvaluation: TestTokenStepResult, cidrCheck: TestTokenStepResult ...)
  TestTokenStepResult (actual: string, detail: string, expected: string ...)
C1ApiWorkloadFederationV1WorkloadFederationServiceUpdateProviderRequest (WorkloadFederationServiceUpdateProviderRequest: WorkloadFederationServiceUpdateProviderRequest, id: string)
 WorkloadFederationServiceUpdateProviderRequest (provider: WorkloadFederationProvider_input, updateMask: string)
  WorkloadFederationProviderInput (description: string, disabled: boolean, displayName: string ...)
C1ApiWorkloadFederationV1WorkloadFederationServiceUpdateProviderResponse (ContentType: string, StatusCode: int32, RawResponse: response ...)
 WorkloadFederationServiceUpdateProviderResponse (provider: WorkloadFederationProvider)
C1ApiWorkloadFederationV1WorkloadFederationServiceUpdateTrustRequest (WorkloadFederationServiceUpdateTrustRequest: WorkloadFederationServiceUpdateTrustRequest, client_id: string, service_principal_id: string)
 WorkloadFederationServiceUpdateTrustRequest (trust: WorkloadFederationTrust_input, updateMask: string)
  WorkloadFederationTrustInput (allowSourceCidrs: array, conditionExpression: string, description: string ...)
C1ApiWorkloadFederationV1WorkloadFederationServiceUpdateTrustResponse (ContentType: string, StatusCode: int32, RawResponse: response ...)
 WorkloadFederationServiceUpdateTrustResponse (trust: WorkloadFederationTrust)
XaaClientAudienceMapping (SDK empty)
C1ApiCrossAppAccessV1XaaClientAudienceMappingServiceCreateRequest (XAAClientAudienceMappingServiceCreateRequest: XAAClientAudienceMappingServiceCreateRequest, xaa_resource_server_id: string)
 XaaClientAudienceMappingServiceCreateRequest (audienceClientId: string, clientKey: string, disabled: boolean)
C1ApiCrossAppAccessV1XaaClientAudienceMappingServiceCreateResponse (ContentType: string, StatusCode: int32, RawResponse: response ...)
 XaaClientAudienceMappingServiceCreateResponse (clientAudienceMapping: XAAClientAudienceMapping)
  XaaClientAudienceMapping (audienceClientId: string, clientKey: string, createdAt: date-time ...)
C1ApiCrossAppAccessV1XaaClientAudienceMappingServiceDeleteRequest (XAAClientAudienceMappingServiceDeleteRequest: XAAClientAudienceMappingServiceDeleteRequest, xaa_resource_server_id: string)
 XaaClientAudienceMappingServiceDeleteRequest (clientKey: string)
C1ApiCrossAppAccessV1XaaClientAudienceMappingServiceDeleteResponse (ContentType: string, StatusCode: int32, RawResponse: response ...)
 XaaClientAudienceMappingServiceDeleteResponse (empty)
C1ApiCrossAppAccessV1XaaClientAudienceMappingServiceGetRequest (client_key: string, xaa_resource_server_id: string)
C1ApiCrossAppAccessV1XaaClientAudienceMappingServiceGetResponse (ContentType: string, StatusCode: int32, RawResponse: response ...)
 XaaClientAudienceMappingServiceGetResponse (clientAudienceMapping: XAAClientAudienceMapping)
C1ApiCrossAppAccessV1XaaClientAudienceMappingServiceListRequest (page_size: int32, page_token: string, xaa_resource_server_id: string)
C1ApiCrossAppAccessV1XaaClientAudienceMappingServiceListResponse (ContentType: string, StatusCode: int32, RawResponse: response ...)
 XaaClientAudienceMappingServiceListResponse (clientAudienceMappings: array, nextPageToken: string)
C1ApiCrossAppAccessV1XaaClientAudienceMappingServiceListHistoryRequest (client_key: string, page_size: int32, page_token: string ...)
C1ApiCrossAppAccessV1XaaClientAudienceMappingServiceListHistoryResponse (ContentType: string, StatusCode: int32, RawResponse: response ...)
 XaaClientAudienceMappingServiceListHistoryResponse (list: array, nextPageToken: string)
   XaaClientAudienceMappingHistoryEntry (metadata: HistoryEntryMetadata, snapshot: XAAClientAudienceMapping)
XaaClientAudienceMappingServiceSearchRequest (disabled: boolean, pageSize: int32, pageToken: string ...)
  XaaClientAudienceMappingRef (clientKey: string, xaaResourceServerId: string)
C1ApiCrossAppAccessV1XaaClientAudienceMappingServiceSearchResponse (ContentType: string, StatusCode: int32, RawResponse: response ...)
 XaaClientAudienceMappingServiceSearchResponse (list: array, nextPageToken: string)
C1ApiCrossAppAccessV1XaaClientAudienceMappingServiceUpdateRequest (XAAClientAudienceMappingServiceUpdateRequest: XAAClientAudienceMappingServiceUpdateRequest, client_audience_mapping_xaa_resource_server_id: string)
 XaaClientAudienceMappingServiceUpdateRequest (clientAudienceMapping: XAAClientAudienceMapping, updateMask: string)
C1ApiCrossAppAccessV1XaaClientAudienceMappingServiceUpdateResponse (ContentType: string, StatusCode: int32, RawResponse: response ...)
 XaaClientAudienceMappingServiceUpdateResponse (clientAudienceMapping: XAAClientAudienceMapping)
Principal (SDK empty)
ServicePrincipalServiceAddBindingRequest (servicePrincipalId: string, subject: ServicePrincipalBindingSubject)
 ServicePrincipalBindingSubject (functionId: string)
C1ApiServicePrincipalV1ServicePrincipalServiceAddBindingResponse (ContentType: string, ServicePrincipalServiceAddBindingResponse: ServicePrincipalServiceAddBindingResponse, StatusCode: int32 ...)
 ServicePrincipalServiceAddBindingResponse (empty)
ServicePrincipalServiceCreateRequest (displayName: string)
C1ApiServicePrincipalV1ServicePrincipalServiceCreateResponse (ContentType: string, ServicePrincipalServiceCreateResponse: ServicePrincipalServiceCreateResponse, StatusCode: int32 ...)
 ServicePrincipalServiceCreateResponse (servicePrincipal: ServicePrincipal)
  ServicePrincipal (createdAt: date-time, displayName: string, id: string ...)
C1ApiServicePrincipalV1ServicePrincipalServiceCreateCredentialRequest (ServicePrincipalServiceCreateCredentialRequest: ServicePrincipalServiceCreateCredentialRequest, service_principal_id: string)
 ServicePrincipalServiceCreateCredentialRequest (allowSourceCidrs: array, displayName: string, expires: string ...)
C1ApiServicePrincipalV1ServicePrincipalServiceCreateCredentialResponse (ContentType: string, ServicePrincipalServiceCreateCredentialResponse: ServicePrincipalServiceCreateCredentialResponse, StatusCode: int32 ...)
 ServicePrincipalServiceCreateCredentialResponse (clientSecret: string, credential: ServicePrincipalCredential)
  ServicePrincipalCredential (allowSourceCidrs: array, clientId: string, createdAt: date-time ...)
C1ApiServicePrincipalV1ServicePrincipalServiceDeleteRequest (ServicePrincipalServiceDeleteRequest: ServicePrincipalServiceDeleteRequest, id: string)
 ServicePrincipalServiceDeleteRequest (empty)
C1ApiServicePrincipalV1ServicePrincipalServiceDeleteResponse (ContentType: string, ServicePrincipalServiceDeleteResponse: ServicePrincipalServiceDeleteResponse, StatusCode: int32 ...)
 ServicePrincipalServiceDeleteResponse (empty)
ServicePrincipalServiceDeleteBindingRequest (servicePrincipalId: string, subject: ServicePrincipalBindingSubject)
C1ApiServicePrincipalV1ServicePrincipalServiceDeleteBindingResponse (ContentType: string, ServicePrincipalServiceDeleteBindingResponse: ServicePrincipalServiceDeleteBindingResponse, StatusCode: int32 ...)
 ServicePrincipalServiceDeleteBindingResponse (empty)
C1ApiServicePrincipalV1ServicePrincipalServiceGetRequest (id: string)
C1ApiServicePrincipalV1ServicePrincipalServiceGetResponse (ContentType: string, ServicePrincipalServiceGetResponse: ServicePrincipalServiceGetResponse, StatusCode: int32 ...)
 ServicePrincipalServiceGetResponse (servicePrincipal: ServicePrincipal)
C1ApiServicePrincipalV1ServicePrincipalServiceGetCredentialRequest (id: string, service_principal_id: string)
C1ApiServicePrincipalV1ServicePrincipalServiceGetCredentialResponse (ContentType: string, ServicePrincipalServiceGetCredentialResponse: ServicePrincipalServiceGetCredentialResponse, StatusCode: int32 ...)
 ServicePrincipalServiceGetCredentialResponse (credential: ServicePrincipalCredential)
C1ApiServicePrincipalV1ServicePrincipalServiceListResponse (ContentType: string, ServicePrincipalServiceListResponse: ServicePrincipalServiceListResponse, StatusCode: int32 ...)
 ServicePrincipalServiceListResponse (list: array, nextPageToken: string)
ServicePrincipalServiceListBindingsRequest (pageSize: int32, pageToken: string, subject: ServicePrincipalBindingSubject)
C1ApiServicePrincipalV1ServicePrincipalServiceListBindingsResponse (ContentType: string, ServicePrincipalServiceListBindingsResponse: ServicePrincipalServiceListBindingsResponse, StatusCode: int32 ...)
 ServicePrincipalServiceListBindingsResponse (bindings: array, nextPageToken: string)
   ServicePrincipalBinding (createdAt: date-time, servicePrincipalId: string, updatedAt: date-time)
C1ApiServicePrincipalV1ServicePrincipalServiceListCredentialsRequest (service_principal_id: string)
C1ApiServicePrincipalV1ServicePrincipalServiceListCredentialsResponse (ContentType: string, ServicePrincipalServiceListCredentialsResponse: ServicePrincipalServiceListCredentialsResponse, StatusCode: int32 ...)
 ServicePrincipalServiceListCredentialsResponse (list: array, nextPageToken: string)
C1ApiServicePrincipalV1ServicePrincipalServiceRevokeCredentialRequest (ServicePrincipalServiceRevokeCredentialRequest: ServicePrincipalServiceRevokeCredentialRequest, id: string, service_principal_id: string)
 ServicePrincipalServiceRevokeCredentialRequest (empty)
C1ApiServicePrincipalV1ServicePrincipalServiceRevokeCredentialResponse (ContentType: string, ServicePrincipalServiceRevokeCredentialResponse: ServicePrincipalServiceRevokeCredentialResponse, StatusCode: int32 ...)
 ServicePrincipalServiceRevokeCredentialResponse (empty)
C1ApiServicePrincipalV1ServicePrincipalServiceUpdateRequest (ServicePrincipalServiceUpdateRequest: ServicePrincipalServiceUpdateRequest, id: string)
 ServicePrincipalServiceUpdateRequest (servicePrincipal: ServicePrincipal_input, updateMask: string)
  ServicePrincipalInput (displayName: string, objectPermissions: UserActorObjectPermissions, user: User_input)
   UserInput (delegatedUserId: string, roleIds: array, status: enum)
C1ApiServicePrincipalV1ServicePrincipalServiceUpdateResponse (ContentType: string, ServicePrincipalServiceUpdateResponse: ServicePrincipalServiceUpdateResponse, StatusCode: int32 ...)
 ServicePrincipalServiceUpdateResponse (servicePrincipal: ServicePrincipal)
C1ApiServicePrincipalV1ServicePrincipalServiceUpdateCredentialRequest (ServicePrincipalServiceUpdateCredentialRequest: ServicePrincipalServiceUpdateCredentialRequest, id: string, service_principal_id: string)
 ServicePrincipalServiceUpdateCredentialRequest (credential: ServicePrincipalCredential_input, updateMask: string)
  ServicePrincipalCredentialInput (displayName: string)
C1ApiServicePrincipalV1ServicePrincipalServiceUpdateCredentialResponse (ContentType: string, ServicePrincipalServiceUpdateCredentialResponse: ServicePrincipalServiceUpdateCredentialResponse, StatusCode: int32 ...)
 ServicePrincipalServiceUpdateCredentialResponse (credential: ServicePrincipalCredential)
AiGovernanceSettings (SDK empty)
C1ApiAiGovernanceV1AiGovernanceSettingsServiceGetResponse (ContentType: string, GetAIGovernanceSettingsResponse: GetAIGovernanceSettingsResponse, StatusCode: int32 ...)
 GetAiGovernanceSettingsResponse (aiGovernanceSettings: AIGovernanceSettings)
  AiGovernanceSettings (allowedClientTypes: array, auditVerbosity: enum, autoDiscoveryEnabled: boolean ...)
    AllowedClientTypes (enum: MCP_CLIENT_TYPE_UNSPECIFIED, MCP_CLIENT_TYPE_PERSONAL, MCP_CLIENT_TYPE_SHARED ...)
   AuditVerbosity (enum: AUDIT_VERBOSITY_UNSPECIFIED, AUDIT_VERBOSITY_MINIMAL, AUDIT_VERBOSITY_STANDARD ...)
   McpClientLifecycleConfig (inactivityCloseAfter: string, inactivityHideAfter: string, retentionDeleteAfter: string)
   DefaultToolClassification (enum: TOOL_CLASSIFICATION_UNSPECIFIED, TOOL_CLASSIFICATION_READ, TOOL_CLASSIFICATION_WRITE ...)
C1ApiAiGovernanceV1AiGovernanceSettingsServiceGetTenantDefaultsResponse (ContentType: string, GetTenantDefaultsResponse: GetTenantDefaultsResponse, StatusCode: int32 ...)
 GetTenantDefaultsResponse (requireToolApproval: boolean)
C1ApiAiGovernanceV1AiGovernanceSettingsServiceListHistoryResponse (ContentType: string, ListAIGovernanceSettingsHistoryResponse: ListAIGovernanceSettingsHistoryResponse, StatusCode: int32 ...)
 ListAiGovernanceSettingsHistoryResponse (list: array, nextPageToken: string)
   AiGovernanceSettingsHistoryEntry (metadata: HistoryEntryMetadata, snapshot: AIGovernanceSettings)
UpdateAiGovernanceSettingsRequest (aiGovernanceSettings: AIGovernanceSettings, updateMask: string)
C1ApiAiGovernanceV1AiGovernanceSettingsServiceUpdateResponse (ContentType: string, StatusCode: int32, RawResponse: response ...)
 UpdateAiGovernanceSettingsResponse (aiGovernanceSettings: AIGovernanceSettings)
AwsExternalIdSettings (SDK empty)
C1ApiSettingsV1AwsExternalIdSettingsGetResponse (ContentType: string, GetAWSExternalIDResponse: GetAWSExternalIDResponse, StatusCode: int32 ...)
 GetAwsExternalIdResponse (awsExternalId: AWSExternalID)
  AwsExternalId (externalId: string)
Contacts (SDK empty)
C1ApiSettingsV1ContactsServiceGetContactsResponse (ContentType: string, GetContactsResponse: GetContactsResponse, StatusCode: int32 ...)
 GetContactsResponse (contacts: Contacts)
  Contacts (billingEmails: array, createdAt: date-time, operationsEmails: array ...)
UpdateContactsRequest (contacts: Contacts_input, updateMask: string)
 ContactsInput (billingEmails: array, operationsEmails: array, securityEmails: array)
C1ApiSettingsV1ContactsServiceUpdateContactsResponse (ContentType: string, StatusCode: int32, RawResponse: response ...)
 UpdateContactsResponse (contacts: Contacts)
XaaSettings (SDK empty)
C1ApiCrossAppAccessV1XaaSettingsServiceGetResponse (ContentType: string, StatusCode: int32, RawResponse: response ...)
 XaaSettingsServiceGetResponse (settings: XAASettings)
  XaaSettings (allowRefreshTokenSubjects: boolean, createdAt: date-time, defaultGrantLifetime: string ...)
   DefaultSigningAlgorithm (enum: XAA_SIGNING_ALGORITHM_UNSPECIFIED, XAA_SIGNING_ALGORITHM_EDDSA, XAA_SIGNING_ALGORITHM_RS256 ...)
    EnabledSigningAlgorithms (enum: XAA_SIGNING_ALGORITHM_UNSPECIFIED, XAA_SIGNING_ALGORITHM_EDDSA, XAA_SIGNING_ALGORITHM_RS256 ...)
C1ApiCrossAppAccessV1XaaSettingsServiceListHistoryRequest (page_size: int32, page_token: string)
C1ApiCrossAppAccessV1XaaSettingsServiceListHistoryResponse (ContentType: string, StatusCode: int32, RawResponse: response ...)
 XaaSettingsServiceListHistoryResponse (list: array, nextPageToken: string)
   XaaSettingsHistoryEntry (metadata: HistoryEntryMetadata, snapshot: XAASettings)
XaaSettingsServiceUpdateRequest (settings: XAASettings, updateMask: string)
C1ApiCrossAppAccessV1XaaSettingsServiceUpdateResponse (ContentType: string, StatusCode: int32, RawResponse: response ...)
 XaaSettingsServiceUpdateResponse (settings: XAASettings)
UserDeveloperPreferences (SDK empty)
C1ApiSettingsV1UserDeveloperPreferencesServiceGetResponse (ContentType: string, GetUserDeveloperPreferencesResponse: GetUserDeveloperPreferencesResponse, StatusCode: int32 ...)
 GetUserDeveloperPreferencesResponse (userDeveloperPreferences: UserDeveloperPreferences)
  UserDeveloperPreferences (terraform: TerraformPreferences)
   TerraformPreferences (showCode: boolean)
UpdateUserDeveloperPreferencesRequest (terraform: TerraformPreferences)
C1ApiSettingsV1UserDeveloperPreferencesServiceUpdateResponse (ContentType: string, StatusCode: int32, RawResponse: response ...)
 UpdateUserDeveloperPreferencesResponse (userDeveloperPreferences: UserDeveloperPreferences)
OrgDomain (SDK empty)
C1ApiSettingsV1OrgDomainServiceListRequest (page_size: int32, page_token: string)
C1ApiSettingsV1OrgDomainServiceListResponse (ContentType: string, ListOrgDomainsResponse: ListOrgDomainsResponse, StatusCode: int32 ...)
 ListOrgDomainsResponse (list: array, nextPageToken: string)
   OrgDomain (createdAt: date-time, deletedAt: date-time, domain: string ...)
UpdateOrgDomainRequest (newDomains: array)
C1ApiSettingsV1OrgDomainServiceUpdateResponse (ContentType: string, StatusCode: int32, RawResponse: response ...)
 UpdateOrgDomainResponse (list: array)
TenantEmailProvider (SDK empty)
C1ApiSettingsV1TenantEmailProviderServiceGetResponse (ContentType: string, GetTenantEmailProviderResponse: GetTenantEmailProviderResponse, StatusCode: int32 ...)
 GetTenantEmailProviderResponse (emailProvider: TenantEmailProvider)
  TenantEmailProvider (awsSes: AWSSESProviderConfig, c1Builtin: C1BuiltInProviderConfig, createdAt: date-time ...)
   AwssesProviderConfig (configurationSetName: string, region: string, roleArn: string)
   C1BuiltInProviderConfig (empty)
   GoogleWorkspaceProviderConfig (delegatedUser: string, serviceAccountJson: string)
   MicrosoftGraphProviderConfig (azureTenantId: string, clientId: string, clientSecret: string)
   SendGridProviderConfig (apiKey: string)
C1ApiSettingsV1TenantEmailProviderServiceGetEmailCapabilitiesResponse (ContentType: string, GetEmailCapabilitiesResponse: GetEmailCapabilitiesResponse, StatusCode: int32 ...)
 GetEmailCapabilitiesResponse (externalEmailSupported: boolean)
SearchEmailAuditEventsRequest (pageSize: int32, pageToken: string)
C1ApiSettingsV1TenantEmailProviderServiceSearchAuditEventsResponse (ContentType: string, SearchEmailAuditEventsResponse: SearchEmailAuditEventsResponse, StatusCode: int32 ...)
 SearchEmailAuditEventsResponse (list: array, nextPageToken: string)
TestTenantEmailProviderRequest (testRecipientEmail: string)
C1ApiSettingsV1TenantEmailProviderServiceTestResponse (ContentType: string, StatusCode: int32, RawResponse: response ...)
 TestTenantEmailProviderResponse (message: string, success: boolean)
UpdateTenantEmailProviderRequest (emailProvider: TenantEmailProvider_input, updateMask: string)
 TenantEmailProviderInput (awsSes: AWSSESProviderConfig, c1Builtin: C1BuiltInProviderConfig, fromAddress: string ...)
C1ApiSettingsV1TenantEmailProviderServiceUpdateResponse (ContentType: string, StatusCode: int32, RawResponse: response ...)
 UpdateTenantEmailProviderResponse (emailProvider: TenantEmailProvider)
IdentityPolicyTenantDefaults (SDK empty)
C1ApiIdentityPlatformV1IdentityPolicyTenantDefaultsServiceGetResponse (ContentType: string, IdentityPolicyTenantDefaultsServiceGetResponse: IdentityPolicyTenantDefaultsServiceGetResponse, StatusCode: int32 ...)
 IdentityPolicyTenantDefaultsServiceGetResponse (defaults: IdentityPolicyTenantDefaults)
  IdentityPolicyTenantDefaults (createdAt: date-time, credentialInventoryPolicyId: string, enrollmentRequirementId: string ...)
IdentityPolicyTenantDefaultsServiceUpdateRequest (defaults: IdentityPolicyTenantDefaults_input, updateMask: string)
 IdentityPolicyTenantDefaultsInput (credentialInventoryPolicyId: string, enrollmentRequirementId: string, recoveryPolicyId: string ...)
C1ApiIdentityPlatformV1IdentityPolicyTenantDefaultsServiceUpdateResponse (ContentType: string, IdentityPolicyTenantDefaultsServiceUpdateResponse: IdentityPolicyTenantDefaultsServiceUpdateResponse, StatusCode: int32 ...)
 IdentityPolicyTenantDefaultsServiceUpdateResponse (defaults: IdentityPolicyTenantDefaults)
OrgNotificationSettings (SDK empty)
C1ApiSettingsV1OrgNotificationSettingsServiceGetResponse (ContentType: string, GetOrgNotificationSettingsResponse: GetOrgNotificationSettingsResponse, StatusCode: int32 ...)
 GetOrgNotificationSettingsResponse (orgNotificationSettings: OrgNotificationSettings)
  OrgNotificationSettings (channelSettings: ChannelSettings)
   ChannelSettings (email: EmailChannelSettings, slack: SlackChannelSettings, teams: MSTeamsChannelSettings)
    EmailChannelSettings (accessProvisioned: AccessProvisionedPreference, approvalNeeded: ApprovalNeededPreference, commentOnRequest: CommentOnRequestPreference ...)
     AccessProvisionedPreference (enabled: boolean, locked: boolean)
     ApprovalNeededPreference (enabled: boolean, locked: boolean)
     CommentOnRequestPreference (enabled: boolean, locked: boolean)
     CompletionPreference (enabled: boolean, locked: boolean)
     ConnectorIssuesPreference (enabled: boolean, locked: boolean)
     DigestPreference (dayOfWeek: enum, enabled: boolean, frequency: enum ...)
      DayOfWeek (enum: WEEKDAY_UNSPECIFIED, WEEKDAY_MONDAY, WEEKDAY_TUESDAY ...)
      Frequency (enum: DIGEST_FREQUENCY_UNSPECIFIED, DIGEST_FREQUENCY_DAILY, DIGEST_FREQUENCY_WEEKLY)
     ExpiringAccessPreference (enabled: boolean, locked: boolean)
     ProvisioningRequestPreference (enabled: boolean, locked: boolean)
     ReviewsPreference (enabled: boolean, locked: boolean)
     TaskRemindersPreference (enabled: boolean, locked: boolean)
    SlackChannelSettings (accessProvisioned: AccessProvisionedPreference, approvalNeeded: ApprovalNeededPreference, commentOnRequest: CommentOnRequestPreference ...)
    MsTeamsChannelSettings (accessProvisioned: AccessProvisionedPreference, approvalNeeded: ApprovalNeededPreference, commentOnRequest: CommentOnRequestPreference ...)
UpdateOrgNotificationSettingsRequest (channelSettings: ChannelSettings)
C1ApiSettingsV1OrgNotificationSettingsServiceUpdateResponse (ContentType: string, StatusCode: int32, RawResponse: response ...)
 UpdateOrgNotificationSettingsResponse (orgNotificationSettings: OrgNotificationSettings)
UserNotificationSettings (SDK empty)
C1ApiSettingsV1UserNotificationSettingsServiceGetResponse (ContentType: string, GetUserNotificationSettingsResponse: GetUserNotificationSettingsResponse, StatusCode: int32 ...)
 GetUserNotificationSettingsResponse (userNotificationSettings: UserNotificationSettings)
  UserNotificationSettings (channelSettings: ChannelSettings)
UpdateUserNotificationSettingsRequest (channelSettings: ChannelSettings)
C1ApiSettingsV1UserNotificationSettingsServiceUpdateResponse (ContentType: string, StatusCode: int32, RawResponse: response ...)
 UpdateUserNotificationSettingsResponse (userNotificationSettings: UserNotificationSettings)
OnboardingSettings (SDK empty)
C1ApiSettingsV1OnboardingSettingsServiceGetResponse (ContentType: string, GetOnboardingSettingsResponse: GetOnboardingSettingsResponse, StatusCode: int32 ...)
 GetOnboardingSettingsResponse (conversationId: string, intents: array, mcpOnboardingGoal: string ...)
  McpOnboardingStatus (enum: MCP_ONBOARDING_STATUS_UNSPECIFIED, MCP_ONBOARDING_STATUS_NOT_STARTED, MCP_ONBOARDING_STATUS_IN_PROGRESS ...)
   McpOnboardingTarget (displayName: string, id: string, kind: enum ...)
    McpOnboardingTargetKind (enum: MCP_ONBOARDING_TARGET_KIND_UNSPECIFIED, MCP_ONBOARDING_TARGET_KIND_APP, MCP_ONBOARDING_TARGET_KIND_CATALOG_ENTRY ...)
    McpOnboardingTargetStatus (enum: MCP_ONBOARDING_TARGET_STATUS_UNSPECIFIED, MCP_ONBOARDING_TARGET_STATUS_PENDING, MCP_ONBOARDING_TARGET_STATUS_DONE ...)
  OnboardingOrgContext (industry: string, organizationSize: string)
  GetOnboardingSettingsResponseStatus (enum: ONBOARDING_STATUS_UNSPECIFIED, ONBOARDING_STATUS_NOT_STARTED, ONBOARDING_STATUS_IN_PROGRESS ...)
UpdateOnboardingSettingsRequest (conversationId: string, mcpOnboardingGoal: string, mcpOnboardingStatus: enum ...)
 UpdateOnboardingSettingsRequestMcpOnboardingStatus (enum: MCP_ONBOARDING_STATUS_UNSPECIFIED, MCP_ONBOARDING_STATUS_NOT_STARTED, MCP_ONBOARDING_STATUS_IN_PROGRESS ...)
 McpOnboardingTargetList (targets: array)
 UpdateOnboardingSettingsRequestStatus (enum: ONBOARDING_STATUS_UNSPECIFIED, ONBOARDING_STATUS_NOT_STARTED, ONBOARDING_STATUS_IN_PROGRESS ...)
C1ApiSettingsV1OnboardingSettingsServiceUpdateResponse (ContentType: string, StatusCode: int32, RawResponse: response ...)
 UpdateOnboardingSettingsResponse (mcpOnboardingGoal: string, mcpOnboardingStatus: enum, mcpOnboardingTargets: array ...)
  UpdateOnboardingSettingsResponseMcpOnboardingStatus (enum: MCP_ONBOARDING_STATUS_UNSPECIFIED, MCP_ONBOARDING_STATUS_NOT_STARTED, MCP_ONBOARDING_STATUS_IN_PROGRESS ...)
  UpdateOnboardingSettingsResponseStatus (enum: ONBOARDING_STATUS_UNSPECIFIED, ONBOARDING_STATUS_NOT_STARTED, ONBOARDING_STATUS_IN_PROGRESS ...)
RequestSettings (SDK empty)
C1ApiSettingsV1RequestSettingsServiceGetResponse (ContentType: string, GetRequestSettingsResponse: GetRequestSettingsResponse, StatusCode: int32 ...)
 GetRequestSettingsResponse (requestSettings: RequestSettings)
  RequestSettings (skipJustification: boolean)
UpdateRequestSettingsRequest (requestSettings: RequestSettings, updateMask: string)
C1ApiSettingsV1RequestSettingsServiceUpdateResponse (ContentType: string, StatusCode: int32, RawResponse: response ...)
 UpdateRequestSettingsResponse (requestSettings: RequestSettings)
SessionSettings (SDK empty)
C1ApiSettingsV1SessionSettingsServiceGetResponse (ContentType: string, GetSessionSettingsResponse: GetSessionSettingsResponse, StatusCode: int32 ...)
 GetSessionSettingsResponse (sessionSettings: SessionSettings)
  SessionSettings (clientIdApprovalRequestPolicyId: string, clientIdMetadataDocumentPolicy: enum, connectorSource: CIDRRestriction ...)
   ClientIdMetadataDocumentPolicy (enum: CLIENT_ID_METADATA_DOCUMENT_POLICY_UNSPECIFIED, CLIENT_ID_METADATA_DOCUMENT_POLICY_ALLOW_ALL, CLIENT_ID_METADATA_DOCUMENT_POLICY_REQUESTABLE ...)
   CidrRestriction (enabled: boolean, sourceCidr: array)
TestSourceIpRequest (allowCidr: array, sourceIp: string)
C1ApiSettingsV1SessionSettingsServiceTestSourceIpResponse (ContentType: string, StatusCode: int32, RawResponse: response ...)
 TestSourceIpResponse (allowed: boolean, checkedIp: string, details: Status)
  Status (code: int32, details: array, message: string)
    Details (@type: string, AdditionalProperties: map)
UpdateSessionSettingsRequest (sessionSettings: SessionSettings, updateMask: string)
C1ApiSettingsV1SessionSettingsServiceUpdateResponse (ContentType: string, StatusCode: int32, RawResponse: response ...)
 UpdateSessionSettingsResponse (sessionSettings: SessionSettings)
SsfReceiverStream (SDK empty)
SsfReceiverStreamServiceCreateRequest (accountDisabledAction: enum, credentialChangeAction: enum, credentialCompromiseAction: enum ...)
 SsfReceiverStreamServiceCreateRequestAccountDisabledAction (enum: SSF_REVOCATION_ACTION_UNSPECIFIED, SSF_REVOCATION_ACTION_REVOKE_ALL, SSF_REVOCATION_ACTION_LOG_ONLY)
 SsfReceiverStreamServiceCreateRequestCredentialChangeAction (enum: SSF_REVOCATION_ACTION_UNSPECIFIED, SSF_REVOCATION_ACTION_REVOKE_ALL, SSF_REVOCATION_ACTION_LOG_ONLY)
 SsfReceiverStreamServiceCreateRequestCredentialCompromiseAction (enum: SSF_REVOCATION_ACTION_UNSPECIFIED, SSF_REVOCATION_ACTION_REVOKE_ALL, SSF_REVOCATION_ACTION_LOG_ONLY)
 SsfReceiverStreamServiceCreateRequestDeliveryMethod (enum: SSF_DELIVERY_METHOD_UNSPECIFIED, SSF_DELIVERY_METHOD_PUSH, SSF_DELIVERY_METHOD_POLL)
 SsfReceiverStreamServiceCreateRequestSessionRevokedAction (enum: SSF_REVOCATION_ACTION_UNSPECIFIED, SSF_REVOCATION_ACTION_REVOKE_ALL, SSF_REVOCATION_ACTION_LOG_ONLY)
C1ApiSsfReceiverV1SsfReceiverStreamServiceCreateResponse (ContentType: string, SSFReceiverStreamServiceCreateResponse: SSFReceiverStreamServiceCreateResponse, StatusCode: int32 ...)
 SsfReceiverStreamServiceCreateResponse (pushAuthTokenPlaintext: string, ssfReceiverStream: SSFReceiverStream)
  SsfReceiverStream (accountDisabledAction: enum, createdAt: date-time, credentialChangeAction: enum ...)
   AccountDisabledAction (enum: SSF_REVOCATION_ACTION_UNSPECIFIED, SSF_REVOCATION_ACTION_REVOKE_ALL, SSF_REVOCATION_ACTION_LOG_ONLY)
   CredentialChangeAction (enum: SSF_REVOCATION_ACTION_UNSPECIFIED, SSF_REVOCATION_ACTION_REVOKE_ALL, SSF_REVOCATION_ACTION_LOG_ONLY)
   CredentialCompromiseAction (enum: SSF_REVOCATION_ACTION_UNSPECIFIED, SSF_REVOCATION_ACTION_REVOKE_ALL, SSF_REVOCATION_ACTION_LOG_ONLY)
   DeliveryMethod (enum: SSF_DELIVERY_METHOD_UNSPECIFIED, SSF_DELIVERY_METHOD_PUSH, SSF_DELIVERY_METHOD_POLL)
   SsfOutboundAuthBearer (token: string)
   SsfOutboundAuthOAuth2 (clientId: string, clientSecret: string, scopes: array ...)
   SessionRevokedAction (enum: SSF_REVOCATION_ACTION_UNSPECIFIED, SSF_REVOCATION_ACTION_REVOKE_ALL, SSF_REVOCATION_ACTION_LOG_ONLY)
C1ApiSsfReceiverV1SsfReceiverStreamServiceDeleteRequest (SSFReceiverStreamServiceDeleteRequest: SSFReceiverStreamServiceDeleteRequest, id: string)
 SsfReceiverStreamServiceDeleteRequest (empty)
C1ApiSsfReceiverV1SsfReceiverStreamServiceDeleteResponse (ContentType: string, SSFReceiverStreamServiceDeleteResponse: SSFReceiverStreamServiceDeleteResponse, StatusCode: int32 ...)
 SsfReceiverStreamServiceDeleteResponse (empty)
C1ApiSsfReceiverV1SsfReceiverStreamServiceGetRequest (id: string)
C1ApiSsfReceiverV1SsfReceiverStreamServiceGetResponse (ContentType: string, SSFReceiverStreamServiceGetResponse: SSFReceiverStreamServiceGetResponse, StatusCode: int32 ...)
 SsfReceiverStreamServiceGetResponse (ssfReceiverStream: SSFReceiverStream)
C1ApiSsfReceiverV1SsfReceiverStreamServiceGetStatsRequest (stream_id: string)
C1ApiSsfReceiverV1SsfReceiverStreamServiceGetStatsResponse (ContentType: string, SSFReceiverStreamServiceGetStatsResponse: SSFReceiverStreamServiceGetStatsResponse, StatusCode: int32 ...)
 SsfReceiverStreamServiceGetStatsResponse (stats: SSFReceiverStreamStats)
  SsfReceiverStreamStats (eventsActedOnCount: integer, eventsFailedCount: integer, eventsReceivedCount: integer ...)
C1ApiSsfReceiverV1SsfReceiverStreamServiceListRequest (page_size: int32, page_token: string)
C1ApiSsfReceiverV1SsfReceiverStreamServiceListResponse (ContentType: string, SSFReceiverStreamServiceListResponse: SSFReceiverStreamServiceListResponse, StatusCode: int32 ...)
 SsfReceiverStreamServiceListResponse (list: array, nextPageToken: string)
C1ApiSsfReceiverV1SsfReceiverStreamServiceTestRequest (SSFReceiverStreamServiceTestRequest: SSFReceiverStreamServiceTestRequest, id: string)
 SsfReceiverStreamServiceTestRequest (testSubject: string)
C1ApiSsfReceiverV1SsfReceiverStreamServiceTestResponse (ContentType: string, SSFReceiverStreamServiceTestResponse: SSFReceiverStreamServiceTestResponse, StatusCode: int32 ...)
 SsfReceiverStreamServiceTestResponse (activeRefreshTokenCount: int32, activeSessionCount: int32, configuredSessionRevokedAction: enum ...)
  ConfiguredSessionRevokedAction (enum: SSF_REVOCATION_ACTION_UNSPECIFIED, SSF_REVOCATION_ACTION_REVOKE_ALL, SSF_REVOCATION_ACTION_LOG_ONLY)
C1ApiSsfReceiverV1SsfReceiverStreamServiceUpdateRequest (SSFReceiverStreamServiceUpdateRequest: SSFReceiverStreamServiceUpdateRequest, id: string)
 SsfReceiverStreamServiceUpdateRequest (ssfReceiverStream: SSFReceiverStream_input, updateMask: string)
  SsfReceiverStreamInput (accountDisabledAction: enum, credentialChangeAction: enum, credentialCompromiseAction: enum ...)
C1ApiSsfReceiverV1SsfReceiverStreamServiceUpdateResponse (ContentType: string, SSFReceiverStreamServiceUpdateResponse: SSFReceiverStreamServiceUpdateResponse, StatusCode: int32 ...)
 SsfReceiverStreamServiceUpdateResponse (ssfReceiverStream: SSFReceiverStream)
SsfReceiverEvent (SDK empty)
C1ApiSsfReceiverV1SsfReceiverEventServiceListRequest (page_size: int32, page_token: string, stream_id: string)
C1ApiSsfReceiverV1SsfReceiverEventServiceListResponse (ContentType: string, SSFReceiverEventServiceListResponse: SSFReceiverEventServiceListResponse, StatusCode: int32 ...)
 SsfReceiverEventServiceListResponse (list: array, nextPageToken: string)
SystemLog (SDK empty)
SystemLogServiceListEventsRequest (pageSize: int32, pageToken: string, since: date-time ...)
 SystemLogServiceListEventsRequestSortDirection (enum: SORT_DIRECTION_UNSPECIFIED, SORT_DIRECTION_ASC, SORT_DIRECTION_DESC)
C1ApiSystemlogV1SystemLogServiceListEventsResponse (ContentType: string, StatusCode: int32, RawResponse: response ...)
 SystemLogServiceListEventsResponse (list: array, nextPageToken: string)
Export (SDK empty)
ExportServiceCreateRequest (datasource: ExportToDatasource, displayName: string)
C1ApiSystemlogV1ExportServiceCreateResponse (ContentType: string, ExportServiceCreateResponse: ExportServiceCreateResponse, StatusCode: int32 ...)
 ExportServiceCreateResponse (exporter: Exporter)
C1ApiSystemlogV1ExportServiceDeleteRequest (ExportServiceDeleteRequest: ExportServiceDeleteRequest, export_id: string)
 ExportServiceDeleteRequest (empty)
C1ApiSystemlogV1ExportServiceDeleteResponse (ContentType: string, ExportServiceDeleteResponse: ExportServiceDeleteResponse, StatusCode: int32 ...)
 ExportServiceDeleteResponse (empty)
C1ApiSystemlogV1ExportServiceGetRequest (export_id: string)
C1ApiSystemlogV1ExportServiceGetResponse (ContentType: string, ExportServiceGetResponse: ExportServiceGetResponse, StatusCode: int32 ...)
 ExportServiceGetResponse (exporter: Exporter)
C1ApiSystemlogV1ExportServiceListRequest (page_size: int32, page_token: string)
C1ApiSystemlogV1ExportServiceListResponse (ContentType: string, ExportServiceListResponse: ExportServiceListResponse, StatusCode: int32 ...)
 ExportServiceListResponse (list: array, nextPageToken: string)
C1ApiSystemlogV1ExportServiceListEventsRequest (ExportServiceListEventsRequest: ExportServiceListEventsRequest, export_id: string)
 ExportServiceListEventsRequest (pageSize: int32, pageToken: string)
C1ApiSystemlogV1ExportServiceListEventsResponse (ContentType: string, ExportServiceListEventsResponse: ExportServiceListEventsResponse, StatusCode: int32 ...)
 ExportServiceListEventsResponse (list: array, nextPageToken: string)
C1ApiSystemlogV1ExportServiceUpdateRequest (ExportServiceUpdateRequest: ExportServiceUpdateRequest, export_id: string)
 ExportServiceUpdateRequest (exporter: Exporter_input, updateMask: string)
  ExporterInput (datasource: ExportToDatasource, displayName: string)
C1ApiSystemlogV1ExportServiceUpdateResponse (ContentType: string, ExportServiceUpdateResponse: ExportServiceUpdateResponse, StatusCode: int32 ...)
 ExportServiceUpdateResponse (exporter: Exporter)
Task (SDK empty)
TaskServiceCreateActionRequest (actionId: string, description: string, expandMask: TaskExpandMask ...)
C1ApiTaskV1TaskServiceCreateActionTaskResponse (ContentType: string, StatusCode: int32, RawResponse: response ...)
 TaskServiceCreateActionResponse (expanded: array, taskView: TaskView)
   TaskServiceCreateActionResponseExpanded (@type: string, AdditionalProperties: map)
TaskServiceCreateGrantRequest (appEntitlementId: string, appId: string, appUserId: string ...)
C1ApiTaskV1TaskServiceCreateGrantTaskResponse (ContentType: string, StatusCode: int32, RawResponse: response ...)
 TaskServiceCreateGrantResponse (expanded: array, taskView: TaskView)
   TaskServiceCreateGrantResponseExpanded (@type: string, AdditionalProperties: map)
TaskServiceCreateOffboardingRequest (description: string, expandMask: TaskExpandMask, subjectUserId: string)
C1ApiTaskV1TaskServiceCreateOffboardingTaskResponse (ContentType: string, StatusCode: int32, RawResponse: response ...)
 TaskServiceCreateOffboardingResponse (expanded: array, taskView: TaskView)
   TaskServiceCreateOffboardingResponseExpanded (@type: string, AdditionalProperties: map)
TaskServiceCreateResourceActionRequest (actionId: string, expandMask: TaskExpandMask, formValues: map)
C1ApiTaskV1TaskServiceCreateResourceActionTaskResponse (ContentType: string, StatusCode: int32, RawResponse: response ...)
 TaskServiceCreateResourceActionResponse (expanded: array, taskView: TaskView)
   TaskServiceCreateResourceActionResponseExpanded (@type: string, AdditionalProperties: map)
TaskServiceCreateRevokeRequest (appEntitlementId: string, appId: string, appUserId: string ...)
C1ApiTaskV1TaskServiceCreateRevokeTaskResponse (ContentType: string, StatusCode: int32, RawResponse: response ...)
 TaskServiceCreateRevokeResponse (expanded: array, taskView: TaskView)
   TaskServiceCreateRevokeResponseExpanded (@type: string, AdditionalProperties: map)
C1ApiTaskV1TaskServiceGetRequest (id: string)
C1ApiTaskV1TaskServiceGetResponse (ContentType: string, StatusCode: int32, RawResponse: response ...)
 TaskServiceGetResponse (expanded: array, taskView: TaskView)
   TaskServiceGetResponseExpanded (@type: string, AdditionalProperties: map)
TaskAudit (SDK empty)
TaskAuditListRequest (commentsOnly: boolean, newestFirst: boolean, pageSize: int32 ...)
  TaskAuditViewRef (id: string)
C1ApiTaskV1TaskAuditListResponse (ContentType: string, StatusCode: int32, RawResponse: response ...)
 TaskAuditListResponse (list: array, nextPageToken: string)
   TaskAuditView (accessRequestOutcome: TaskAuditAccessRequestOutcome, accountLifecycleActionCreated: TaskAuditAccountLifecycleActionCreated, accountLifecycleActionFailed: TaskAuditAccountLifecycleActionFailed ...)
    TaskAuditAccessRequestOutcome (outcome: enum)
     TaskAuditAccessRequestOutcomeOutcome (enum: ACCESS_REQUEST_OUTCOME_UNSPECIFIED, ACCESS_REQUEST_OUTCOME_APPROVED, ACCESS_REQUEST_OUTCOME_DENIED ...)
    TaskAuditAccountLifecycleActionCreated (batonActionDisplayName: string, batonActionInvocationId: string, batonActionName: string ...)
    TaskAuditAccountLifecycleActionFailed (batonActionDisplayName: string, batonActionInvocationId: string, batonActionName: string ...)
    TaskAuditActionInstanceCreated (instance: ActionInstance)
    TaskAuditActionInstanceFailed (instance: ActionInstance)
    TaskAuditActionInstanceSucceeded (instance: ActionInstance)
    TaskAuditConnectorActionResult (appEntitlementId: string, appId: string, cancelled: TaskAuditCancelledResult ...)
     TaskAuditCancelledResult (cancelReason: string)
     TaskAuditErrorResult (errorCount: integer, errorReason: string)
     TaskAuditPendingResult (pendingReason: string)
     TaskAuditSuccessResult (annotations: array, effects: array, successReason: string)
       TaskAuditSuccessResultAnnotations (@type: string, AdditionalProperties: map)
       ConnectorActionEffect (appEntitlementId: string, appId: string, appUserId: string ...)
        EffectSource (enum: CONNECTOR_ACTION_EFFECT_SOURCE_UNSPECIFIED, CONNECTOR_ACTION_EFFECT_SOURCE_ACTION_TARGET, CONNECTOR_ACTION_EFFECT_SOURCE_CONNECTOR_RESPONSE ...)
        EffectType (enum: CONNECTOR_ACTION_EFFECT_TYPE_UNSPECIFIED, CONNECTOR_ACTION_EFFECT_TYPE_GRANT, CONNECTOR_ACTION_EFFECT_TYPE_REVOKE)
    TaskAuditActionSubmitted (action: SubmittedTaskAction)
     SubmittedTaskAction (actionType: enum, bulkActionId: string, createdAt: date-time ...)
      ActionType (enum: TASK_ACTION_TYPE_UNSPECIFIED, TASK_ACTION_TYPE_CLOSE, TASK_ACTION_TYPE_APPROVE ...)
    TaskAuditApprovalAutoAcceptedByPolicy (empty)
    TaskAuditApprovalAutoRejectedByPolicy (empty)
    TaskAuditApprovalInstanceChange (instance: ApprovalInstance)
    TaskAuditPolicyApprovalReassigned (newPolicyStepId: string, newUsers: array, oldPolicyStepId: string ...)
    TaskAuditApprovalHappenedAutomatically (empty)
    TaskAuditBulkActionError (error: string)
    TaskAuditCertifyOutcome (outcome: enum)
     TaskAuditCertifyOutcomeOutcome (enum: CERTIFY_OUTCOME_UNSPECIFIED, CERTIFY_OUTCOME_CERTIFIED, CERTIFY_OUTCOME_DECERTIFIED ...)
    TaskAuditComment (comment: string, updatedAt: date-time, updatedBy: string)
    TaskAuditConditionalPolicyExecutionResult (condition: string, conditionMatched: boolean, defaultCondition: boolean ...)
    TaskAuditFinishedConnectorActions (policyStepId: string)
    TaskAuditStartedConnectorActions (policyStepId: string)
    TaskAuditCreatedReplacementExtensionGrantTask (newTaskId: string, newTaskNumericId: integer)
    CurrentState (enum: TASK_STATE_UNSPECIFIED, TASK_STATE_OPEN, TASK_STATE_CLOSED)
    TaskAuditViewEventType (enum: TASK_AUDIT_EVENT_TYPE_UNSPECIFIED, TASK_AUDIT_EVENT_TYPE_NEUTRAL, TASK_AUDIT_EVENT_TYPE_ERROR)
    TaskAuditExpressionPolicyStepError (error: string)
    TaskAuditExternalTicketCreated (appId: string, connectorId: string, externalTicketId: string ...)
    TaskAuditExternalTicketError (errorMessage: string)
    TaskAuditExternalTicketProvisionStepResolved (appId: string, connectorId: string, externalTicketId: string ...)
    TaskAuditExternalTicketTriggered (appId: string, connectorId: string, externalTicketId: string ...)
    TaskAuditFormInstanceChange (isValid: boolean)
    TaskAuditGrantDurationUpdated (duration: string)
    TaskAuditGrantOutcome (outcome: enum)
     TaskAuditGrantOutcomeOutcome (enum: GRANT_OUTCOME_UNSPECIFIED, GRANT_OUTCOME_GRANTED, GRANT_OUTCOME_DENIED ...)
    TaskAuditHardReset (oldPolicyStepId: string)
    TaskAuditMetaData (user: User)
    TaskAuditPolicyChanged (newPolicyId: string, oldPolicyId: string)
    TaskAuditPolicyEvaluationStep (stepComment: string)
    TaskAuditPolicyProvisionCancelled (cancelReason: string)
    TaskAuditPolicyProvisionError (error: string)
    TaskAuditPolicyProvisionReassigned (newPolicyStepId: string, newUsers: array, oldPolicyStepId: string ...)
    TaskAuditReassignedToDelegate (delegatedAssigneeUser: User, delegatedAssigneeUserId: string, originalAssigneeUser: User ...)
    TaskAuditReassignmentFallbackToAdmin (adminUserIds: array, adminUsers: array)
    TaskAuditReassignmentListError (errorMessage: string)
    TaskAuditRequestDefaultsApplied (appId: string, routingRuleId: string, source: enum)
     TaskAuditRequestDefaultsAppliedSource (enum: APPLIED_SETTINGS_SOURCE_UNSPECIFIED, APPLIED_SETTINGS_SOURCE_ENTITLEMENT_OVERRIDE, APPLIED_SETTINGS_SOURCE_ROUTING_RULE ...)
    TaskAuditRevokeOutcome (outcome: enum)
     TaskAuditRevokeOutcomeOutcome (enum: REVOKE_OUTCOME_UNSPECIFIED, REVOKE_OUTCOME_REVOKED, REVOKE_OUTCOME_DENIED ...)
    TaskAuditSlaEscalation (message: string)
    TaskAuditViewSource (enum: SOURCE_UNSPECIFIED, SOURCE_C1, SOURCE_JIRA ...)
    TaskAuditStateChange (previousState: enum)
     PreviousState (enum: TASK_STATE_UNSPECIFIED, TASK_STATE_OPEN, TASK_STATE_CLOSED)
    TaskAuditStepSkipped (skippedBy: string)
    TaskAuditStepUpApproval (stepUpTransactionId: string)
    TaskAuditNewTask (empty)
    TaskAuditNewTaskCreatedFrom (originalTaskId: string, originalTaskNumericId: integer, originalTaskType: string)
    TaskAuditEscalateToEmergencyAccess (oldPolicyId: string, oldPolicyStepId: string)
    TaskAuditRestart (oldPolicyStepId: string)
    TaskAuditWaitForAnalysisStepSuccess (stepId: string, succeededAt: date-time)
    TaskAuditWaitForAnalysisStepTimedOut (stepId: string, timedOutAt: date-time)
    TaskAuditWaitForAnalysisStepWaiting (stepId: string)
    TaskAuditWaitStepSuccess (condition: string, stepId: string, succeededAt: date-time)
    TaskAuditWaitStepTimedOut (condition: string, stepId: string, timedOutAt: date-time)
    TaskAuditWaitStepUntilTime (stepId: string, untilTime: date-time)
    TaskAuditWaitStepWaiting (condition: string, stepId: string)
    TaskAuditWebhookApprovalAttempt (webhookId: string, webhookInstanceId: string, webhookName: string ...)
    TaskAuditWebhookApprovalBadResponse (error: string, webhookId: string, webhookInstanceId: string ...)
    TaskAuditWebhookApprovalFatalError (error: string, webhookId: string, webhookInstanceId: string ...)
    TaskAuditWebhookApprovalSuccess (webhookId: string, webhookInstanceId: string, webhookName: string ...)
    TaskAuditWebhookApprovalTriggered (webhookId: string, webhookInstanceId: string, webhookName: string ...)
    TaskAuditWebhookAttempt (webhookId: string, webhookInstanceId: string, webhookName: string ...)
    TaskAuditWebhookSuccess (webhookId: string, webhookInstanceId: string, webhookName: string ...)
    TaskAuditWebhookTriggered (webhookId: string, webhookInstanceId: string, webhookName: string ...)
TaskActions (SDK empty)
C1ApiTaskV1TaskActionsServiceApproveRequest (TaskActionsServiceApproveRequest: TaskActionsServiceApproveRequest, task_id: string)
 TaskActionsServiceApproveRequest (comment: string, expandMask: TaskExpandMask, policyStepId: string)
C1ApiTaskV1TaskActionsServiceApproveResponse (ContentType: string, StatusCode: int32, RawResponse: response ...)
 TaskActionsServiceApproveResponse (expanded: array, taskView: TaskView, ticketActionId: string)
   TaskActionsServiceApproveResponseExpanded (@type: string, AdditionalProperties: map)
C1ApiTaskV1TaskActionsServiceApproveWithStepUpRequest (TaskActionsServiceApproveWithStepUpRequest: TaskActionsServiceApproveWithStepUpRequest, task_id: string)
 TaskActionsServiceApproveWithStepUpRequest (comment: string, expandMask: TaskExpandMask, policyStepId: string ...)
C1ApiTaskV1TaskActionsServiceApproveWithStepUpResponse (ContentType: string, StatusCode: int32, RawResponse: response ...)
 TaskActionsServiceApproveWithStepUpResponse (expanded: array, redirectUrl: string, taskView: TaskView ...)
   TaskActionsServiceApproveWithStepUpResponseExpanded (@type: string, AdditionalProperties: map)
C1ApiTaskV1TaskActionsServiceCloseRequest (TaskActionsServiceCloseRequest: TaskActionsServiceCloseRequest, task_id: string)
 TaskActionsServiceCloseRequest (comment: string, expandMask: TaskExpandMask)
C1ApiTaskV1TaskActionsServiceCloseResponse (ContentType: string, StatusCode: int32, RawResponse: response ...)
 TaskActionsServiceCloseResponse (expanded: array, taskActionId: string, taskView: TaskView)
   TaskActionsServiceCloseResponseExpanded (@type: string, AdditionalProperties: map)
C1ApiTaskV1TaskActionsServiceCommentRequest (TaskActionsServiceCommentRequest: TaskActionsServiceCommentRequest, task_id: string)
 TaskActionsServiceCommentRequest (comment: string, expandMask: TaskExpandMask)
C1ApiTaskV1TaskActionsServiceCommentResponse (ContentType: string, StatusCode: int32, RawResponse: response ...)
 TaskActionsServiceCommentResponse (expanded: array, taskView: TaskView)
   TaskActionsServiceCommentResponseExpanded (@type: string, AdditionalProperties: map)
C1ApiTaskV1TaskActionsServiceDenyRequest (TaskActionsServiceDenyRequest: TaskActionsServiceDenyRequest, task_id: string)
 TaskActionsServiceDenyRequest (comment: string, expandMask: TaskExpandMask, policyStepId: string)
C1ApiTaskV1TaskActionsServiceDenyResponse (ContentType: string, StatusCode: int32, RawResponse: response ...)
 TaskActionsServiceDenyResponse (expanded: array, taskView: TaskView, ticketActionId: string)
   TaskActionsServiceDenyResponseExpanded (@type: string, AdditionalProperties: map)
C1ApiTaskV1TaskActionsServiceEscalateToEmergencyAccessRequest (TaskActionsServiceEscalateToEmergencyAccessRequest: TaskActionsServiceEscalateToEmergencyAccessRequest, task_id: string)
 TaskActionsServiceEscalateToEmergencyAccessRequest (comment: string, expandMask: TaskExpandMask, policyStepId: string)
C1ApiTaskV1TaskActionsServiceEscalateToEmergencyAccessResponse (ContentType: string, StatusCode: int32, RawResponse: response ...)
 TaskServiceActionResponse (expanded: array, taskView: TaskView, ticketActionId: string)
   TaskServiceActionResponseExpanded (@type: string, AdditionalProperties: map)
C1ApiTaskV1TaskActionsServiceHardResetRequest (TaskActionsServiceHardResetRequest: TaskActionsServiceHardResetRequest, task_id: string)
 TaskActionsServiceHardResetRequest (comment: string, expandMask: TaskExpandMask)
C1ApiTaskV1TaskActionsServiceHardResetResponse (ContentType: string, StatusCode: int32, RawResponse: response ...)
 TaskActionsServiceHardResetResponse (expanded: array, taskView: TaskView, ticketActionId: string)
   TaskActionsServiceHardResetResponseExpanded (@type: string, AdditionalProperties: map)
C1ApiTaskV1TaskActionsServiceProcessNowRequest (TaskActionsServiceProcessNowRequest: TaskActionsServiceProcessNowRequest, task_id: string)
 TaskActionsServiceProcessNowRequest (expandMask: TaskExpandMask)
C1ApiTaskV1TaskActionsServiceProcessNowResponse (ContentType: string, StatusCode: int32, RawResponse: response ...)
 TaskActionsServiceProcessNowResponse (expanded: array, taskView: TaskView)
   TaskActionsServiceProcessNowResponseExpanded (@type: string, AdditionalProperties: map)
C1ApiTaskV1TaskActionsServiceReassignRequest (TaskActionsServiceReassignRequest: TaskActionsServiceReassignRequest, task_id: string)
 TaskActionsServiceReassignRequest (comment: string, expandMask: TaskExpandMask, newStepUserIds: array ...)
C1ApiTaskV1TaskActionsServiceReassignResponse (ContentType: string, StatusCode: int32, RawResponse: response ...)
 TaskActionsServiceReassignResponse (expanded: array, taskView: TaskView, ticketActionId: string)
   TaskActionsServiceReassignResponseExpanded (@type: string, AdditionalProperties: map)
C1ApiTaskV1TaskActionsServiceRestartRequest (TaskActionsServiceRestartRequest: TaskActionsServiceRestartRequest, task_id: string)
 TaskActionsServiceRestartRequest (comment: string, expandMask: TaskExpandMask, policyStepId: string)
C1ApiTaskV1TaskActionsServiceRestartResponse (ContentType: string, StatusCode: int32, RawResponse: response ...)
 TaskActionsServiceRestartResponse (expanded: array, taskView: TaskView, ticketActionId: string)
   TaskActionsServiceRestartResponseExpanded (@type: string, AdditionalProperties: map)
C1ApiTaskV1TaskActionsServiceSkipStepRequest (TaskActionsServiceSkipStepRequest: TaskActionsServiceSkipStepRequest, task_id: string)
 TaskActionsServiceSkipStepRequest (comment: string, expandMask: TaskExpandMask, policyStepId: string)
C1ApiTaskV1TaskActionsServiceSkipStepResponse (ContentType: string, StatusCode: int32, RawResponse: response ...)
C1ApiTaskV1TaskActionsServiceUpdateGrantDurationRequest (TaskActionsServiceUpdateGrantDurationRequest: TaskActionsServiceUpdateGrantDurationRequest, task_id: string)
 TaskActionsServiceUpdateGrantDurationRequest (duration: string, expandMask: TaskExpandMask)
C1ApiTaskV1TaskActionsServiceUpdateGrantDurationResponse (ContentType: string, StatusCode: int32, RawResponse: response ...)
C1ApiTaskV1TaskActionsServiceUpdateRequestDataRequest (TaskActionsServiceUpdateRequestDataRequest: TaskActionsServiceUpdateRequestDataRequest, task_id: string)
 TaskActionsServiceUpdateRequestDataRequest (data: map, expandMask: TaskExpandMask)
C1ApiTaskV1TaskActionsServiceUpdateRequestDataResponse (ContentType: string, StatusCode: int32, RawResponse: response ...)
TerraformExport (SDK empty)
C1ApiTerraformExportV1TerraformExportServiceGetSchemaResponse (ContentType: string, GetSchemaResponse: GetSchemaResponse, StatusCode: int32 ...)
 GetSchemaResponse (schema: TFSchemaMapping)
  TfSchemaMapping (dataSource: DataSource, fields: array, providerVersion: string ...)
   DataSource (empty)
    TfFieldMapping (c1Field: string, computed: boolean, elementTfType: enum ...)
     ElementTfType (enum: TF_TYPE_UNSPECIFIED, TF_TYPE_STRING, TF_TYPE_NUMBER ...)
      EnumValue (name: string, number: int32)
       TfReference (compositeKeyFields: array, tfTypeNames: array)
         CompositeKeyField (c1Field: string, tfField: string)
       TfFieldMappingTfType (enum: TF_TYPE_UNSPECIFIED, TF_TYPE_STRING, TF_TYPE_NUMBER ...)
    CompositeKeyFieldSet (fields: array)
   Resource (importId: ImportIDShape)
    ImportIdShape (composite: Composite, singleString: SingleString)
     Composite (fields: array, format: enum)
       CompositeField (c1Field: string, tfType: enum)
        TfType (enum: TF_TYPE_UNSPECIFIED, TF_TYPE_STRING, TF_TYPE_NUMBER ...)
      Format (enum: FORMAT_JSON_OBJECT, FORMAT_COLON_SEPARATED, FORMAT_UNDERSCORE_SEPARATED)
     SingleString (empty)
User (SDK empty)
C1ApiUserV1UserServiceGetRequest (id: string)
C1ApiUserV1UserServiceGetResponse (ContentType: string, StatusCode: int32, RawResponse: response ...)
 UserServiceGetResponse (expanded: array, userView: UserView)
   UserServiceGetResponseExpanded (@type: string, AdditionalProperties: map)
C1ApiUserV1UserServiceGetUserProfileTypesRequest (user_id: string)
C1ApiUserV1UserServiceGetUserProfileTypesResponse (ContentType: string, GetUserProfileTypesResponse: GetUserProfileTypesResponse, StatusCode: int32 ...)
 GetUserProfileTypesResponse (profileTypes: array)
   ProfileType (description: string, displayToUser: boolean, iconUrl: string ...)
UserIntrospectRequest (expandMask: UserExpandMask)
C1ApiUserV1UserServiceIntrospectResponse (ContentType: string, StatusCode: int32, RawResponse: response ...)
 UserIntrospectResponse (expanded: array, userView: UserView)
   UserIntrospectResponseExpanded (@type: string, AdditionalProperties: map)
C1ApiUserV1UserServiceListRequest (page_size: int32, page_token: string)
C1ApiUserV1UserServiceListResponse (ContentType: string, StatusCode: int32, RawResponse: response ...)
 UserServiceListResponse (expanded: array, list: array, nextPageToken: string)
   UserServiceListResponseExpanded (@type: string, AdditionalProperties: map)
C1ApiUserV1UserServiceSetExpiringUserDelegationBindingByAdminRequest (SetExpiringUserDelegationBindingByAdminRequest: SetExpiringUserDelegationBindingByAdminRequest, user_id: string)
 SetExpiringUserDelegationBindingByAdminRequest (delegatedUserId: string, delegationExpireAt: date-time, delegationStartAt: date-time)
C1ApiUserV1UserServiceSetExpiringUserDelegationBindingByAdminResponse (ContentType: string, SetExpiringUserDelegationBindingByAdminResponse: SetExpiringUserDelegationBindingByAdminResponse, StatusCode: int32 ...)
 SetExpiringUserDelegationBindingByAdminResponse (item: ExpiringUserDelegationBinding)
  ExpiringUserDelegationBinding (createdAt: date-time, delegatedUserId: string, deletedAt: date-time ...)
Vault (SDK empty)
VaultServiceCreateRequest (description: string, displayName: string, groupAuthzVault: GroupAuthzVault ...)
 GroupAuthzVault (empty)
 MagicVault (allowUnauthedViews: boolean, allowedViews: integer)
C1ApiVaultV1VaultServiceCreateResponse (ContentType: string, StatusCode: int32, RawResponse: response ...)
 VaultServiceCreateResponse (vault: Vault)
  Vault (createdAt: date-time, credentialExpirationDuration: string, deletedAt: date-time ...)
C1ApiVaultV1VaultServiceDeleteRequest (VaultServiceDeleteRequest: VaultServiceDeleteRequest, id: string)
 VaultServiceDeleteRequest (empty)
C1ApiVaultV1VaultServiceDeleteResponse (ContentType: string, StatusCode: int32, RawResponse: response ...)
 VaultServiceDeleteResponse (empty)
C1ApiVaultV1VaultServiceGetRequest (id: string)
C1ApiVaultV1VaultServiceGetResponse (ContentType: string, StatusCode: int32, RawResponse: response ...)
 VaultServiceGetResponse (vault: Vault)
C1ApiVaultV1VaultServiceUpdateRequest (VaultServiceUpdateRequest: VaultServiceUpdateRequest, id: string)
 VaultServiceUpdateRequest (updateMask: string, vault: Vault_input)
  VaultInput (credentialExpirationDuration: string, description: string, displayName: string ...)
C1ApiVaultV1VaultServiceUpdateResponse (ContentType: string, StatusCode: int32, RawResponse: response ...)
 VaultServiceUpdateResponse (vault: Vault)
Webhooks (SDK empty)
WebhooksServiceCreateRequest (callbackTimeout: string, description: string, displayName: string ...)
C1ApiWebhooksV1WebhooksServiceCreateResponse (ContentType: string, StatusCode: int32, RawResponse: response ...)
 WebhooksServiceCreateResponse (webhook: WebhookEndpoint)
C1ApiWebhooksV1WebhooksServiceDeleteRequest (WebhooksServiceDeleteRequest: WebhooksServiceDeleteRequest, id: string)
 WebhooksServiceDeleteRequest (empty)
C1ApiWebhooksV1WebhooksServiceDeleteResponse (ContentType: string, StatusCode: int32, RawResponse: response ...)
 WebhooksServiceDeleteResponse (empty)
C1ApiWebhooksV1WebhooksServiceGetRequest (id: string)
C1ApiWebhooksV1WebhooksServiceGetResponse (ContentType: string, StatusCode: int32, RawResponse: response ...)
 WebhooksServiceGetResponse (webhook: WebhookEndpoint)
C1ApiWebhooksV1WebhooksServiceListRequest (page_size: int32, page_token: string)
C1ApiWebhooksV1WebhooksServiceListResponse (ContentType: string, StatusCode: int32, RawResponse: response ...)
 WebhooksServiceListResponse (list: array, nextPageToken: string)
C1ApiWebhooksV1WebhooksServiceTestRequest (WebhooksServiceTestRequest: WebhooksServiceTestRequest, id: string)
 WebhooksServiceTestRequest (empty)
C1ApiWebhooksV1WebhooksServiceTestResponse (ContentType: string, StatusCode: int32, RawResponse: response ...)
 WebhooksServiceTestResponse (webhook: WebhookInstance)
  WebhookInstance (attempts: int32, completedAt: date-time, createdAt: date-time ...)
   WebhookSource (approvalStep: WebhookSourceApprovalStep, policyPostAction: WebhookSourcePolicyPostAction, provisionStep: WebhookSourceProvisionStep ...)
    WebhookSourceApprovalStep (ticketId: string)
    WebhookSourcePolicyPostAction (ticketId: string)
    WebhookSourceProvisionStep (ticketId: string)
    WebhookSourceTest (empty)
    WebhookSourceWorkflowStep (workflowExecutionId: integer, workflowStepId: string)
   WebhookSpec (destination: string)
   WebhookInstanceState (enum: WEBHOOK_STATE_UNSPECIFIED, WEBHOOK_STATE_PENDING, WEBHOOK_STATE_RUNNING ...)
C1ApiWebhooksV1WebhooksServiceUpdateRequest (WebhooksServiceUpdateRequest: WebhooksServiceUpdateRequest, id: string)
 WebhooksServiceUpdateRequest (updateMask: string, webhook: WebhookEndpoint_input)
  WebhookEndpointInput (callbackTimeout: string, description: string, displayName: string ...)
C1ApiWebhooksV1WebhooksServiceUpdateResponse (ContentType: string, StatusCode: int32, RawResponse: response ...)
 WebhooksServiceUpdateResponse (webhook: WebhookEndpoint)
ConnectorOwnersV2 (SDK empty)
C1ApiAppV2ConnectorOwnersCreateEntitlementOwnerRequest (CreateConnectorEntitlementOwnerRequest: CreateConnectorEntitlementOwnerRequest, app_entitlement_ref_app_id: string, app_entitlement_ref_id: string ...)
 CreateConnectorEntitlementOwnerRequest (appEntitlementRef: AppEntitlementRef)
C1ApiAppV2ConnectorOwnersCreateEntitlementOwnerResponse (ContentType: string, CreateConnectorEntitlementOwnerResponse: CreateConnectorEntitlementOwnerResponse, StatusCode: int32 ...)
 CreateConnectorEntitlementOwnerResponse (connectorOwnerEntitlement: ConnectorOwnerEntitlement)
  ConnectorOwnerEntitlement (appEntitlement: AppEntitlement, appId: string, connectorId: string ...)
C1ApiAppV2ConnectorOwnersCreateUserOwnerRequest (CreateConnectorUserOwnerRequest: CreateConnectorUserOwnerRequest, app_id: string, connector_id: string ...)
 CreateConnectorUserOwnerRequest (userRef: UserRef)
C1ApiAppV2ConnectorOwnersCreateUserOwnerResponse (ContentType: string, CreateConnectorUserOwnerResponse: CreateConnectorUserOwnerResponse, StatusCode: int32 ...)
 CreateConnectorUserOwnerResponse (connectorOwnerUser: ConnectorOwnerUser)
  ConnectorOwnerUser (appId: string, connectorId: string, createdAt: date-time ...)
C1ApiAppV2ConnectorOwnersDeleteEntitlementOwnerRequest (DeleteConnectorEntitlementOwnerRequest: DeleteConnectorEntitlementOwnerRequest, app_entitlement_ref_app_id: string, app_entitlement_ref_id: string ...)
 DeleteConnectorEntitlementOwnerRequest (appEntitlementRef: AppEntitlementRef)
C1ApiAppV2ConnectorOwnersDeleteEntitlementOwnerResponse (ContentType: string, DeleteConnectorEntitlementOwnerResponse: DeleteConnectorEntitlementOwnerResponse, StatusCode: int32 ...)
 DeleteConnectorEntitlementOwnerResponse (empty)
C1ApiAppV2ConnectorOwnersDeleteUserOwnerRequest (DeleteConnectorUserOwnerRequest: DeleteConnectorUserOwnerRequest, app_id: string, connector_id: string ...)
 DeleteConnectorUserOwnerRequest (userRef: UserRef)
C1ApiAppV2ConnectorOwnersDeleteUserOwnerResponse (ContentType: string, DeleteConnectorUserOwnerResponse: DeleteConnectorUserOwnerResponse, StatusCode: int32 ...)
 DeleteConnectorUserOwnerResponse (empty)
C1ApiAppV2ConnectorOwnersGetEntitlementOwnerRequest (app_entitlement_ref_app_id: string, app_entitlement_ref_id: string, app_id: string ...)
C1ApiAppV2ConnectorOwnersGetEntitlementOwnerResponse (ContentType: string, GetConnectorEntitlementOwnerResponse: GetConnectorEntitlementOwnerResponse, StatusCode: int32 ...)
 GetConnectorEntitlementOwnerResponse (connectorOwnerEntitlement: ConnectorOwnerEntitlement)
C1ApiAppV2ConnectorOwnersGetUserOwnerRequest (app_id: string, connector_id: string, role_slug: string ...)
C1ApiAppV2ConnectorOwnersGetUserOwnerResponse (ContentType: string, GetConnectorUserOwnerResponse: GetConnectorUserOwnerResponse, StatusCode: int32 ...)
 GetConnectorUserOwnerResponse (connectorOwnerUser: ConnectorOwnerUser)
C1ApiAppV2ConnectorOwnersSearchEntitlementOwnersRequest (app_id: string, connector_id: string, page_size: int32 ...)
C1ApiAppV2ConnectorOwnersSearchEntitlementOwnersResponse (ContentType: string, SearchConnectorEntitlementOwnersResponse: SearchConnectorEntitlementOwnersResponse, StatusCode: int32 ...)
 SearchConnectorEntitlementOwnersResponse (list: array, nextPageToken: string)
C1ApiAppV2ConnectorOwnersSearchUserOwnersRequest (app_id: string, connector_id: string, page_size: int32 ...)
C1ApiAppV2ConnectorOwnersSearchUserOwnersResponse (ContentType: string, SearchConnectorUserOwnersResponse: SearchConnectorUserOwnersResponse, StatusCode: int32 ...)
 SearchConnectorUserOwnersResponse (list: array, nextPageToken: string)
C1ApiAppV2ConnectorOwnersSetRequest (SetConnectorOwnersV2Request: SetConnectorOwnersV2Request, app_id: string, connector_id: string)
 SetConnectorOwnersV2Request (appEntitlementRefs: array, roleSlug: string, userRefs: array)
C1ApiAppV2ConnectorOwnersSetResponse (ContentType: string, SetConnectorOwnersV2Response: SetConnectorOwnersV2Response, StatusCode: int32 ...)
 SetConnectorOwnersV2Response (empty)
AppEntitlementOwnersV2 (SDK empty)
C1ApiAppV2AppEntitlementOwnersCreateEntitlementOwnerRequest (CreateAppEntitlementEntitlementOwnerRequest: CreateAppEntitlementEntitlementOwnerRequest, app_entitlement_ref_app_id: string, app_entitlement_ref_id: string ...)
 CreateAppEntitlementEntitlementOwnerRequest (appEntitlementRef: AppEntitlementRef)
C1ApiAppV2AppEntitlementOwnersCreateEntitlementOwnerResponse (ContentType: string, CreateAppEntitlementEntitlementOwnerResponse: CreateAppEntitlementEntitlementOwnerResponse, StatusCode: int32 ...)
 CreateAppEntitlementEntitlementOwnerResponse (appEntitlementOwnerEntitlement: AppEntitlementOwnerEntitlement)
  AppEntitlementOwnerEntitlement (appEntitlement: AppEntitlement, appId: string, createdAt: date-time ...)
C1ApiAppV2AppEntitlementOwnersCreateUserOwnerRequest (CreateAppEntitlementUserOwnerRequest: CreateAppEntitlementUserOwnerRequest, app_id: string, entitlement_id: string ...)
 CreateAppEntitlementUserOwnerRequest (userRef: UserRef)
C1ApiAppV2AppEntitlementOwnersCreateUserOwnerResponse (ContentType: string, CreateAppEntitlementUserOwnerResponse: CreateAppEntitlementUserOwnerResponse, StatusCode: int32 ...)
 CreateAppEntitlementUserOwnerResponse (appEntitlementOwnerUser: AppEntitlementOwnerUser)
  AppEntitlementOwnerUser (appId: string, createdAt: date-time, entitlementId: string ...)
C1ApiAppV2AppEntitlementOwnersDeleteEntitlementOwnerRequest (DeleteAppEntitlementEntitlementOwnerRequest: DeleteAppEntitlementEntitlementOwnerRequest, app_entitlement_ref_app_id: string, app_entitlement_ref_id: string ...)
 DeleteAppEntitlementEntitlementOwnerRequest (appEntitlementRef: AppEntitlementRef)
C1ApiAppV2AppEntitlementOwnersDeleteEntitlementOwnerResponse (ContentType: string, DeleteAppEntitlementEntitlementOwnerResponse: DeleteAppEntitlementEntitlementOwnerResponse, StatusCode: int32 ...)
 DeleteAppEntitlementEntitlementOwnerResponse (empty)
C1ApiAppV2AppEntitlementOwnersDeleteUserOwnerRequest (DeleteAppEntitlementUserOwnerRequest: DeleteAppEntitlementUserOwnerRequest, app_id: string, entitlement_id: string ...)
 DeleteAppEntitlementUserOwnerRequest (userRef: UserRef)
C1ApiAppV2AppEntitlementOwnersDeleteUserOwnerResponse (ContentType: string, DeleteAppEntitlementUserOwnerResponse: DeleteAppEntitlementUserOwnerResponse, StatusCode: int32 ...)
 DeleteAppEntitlementUserOwnerResponse (empty)
C1ApiAppV2AppEntitlementOwnersGetEntitlementOwnerRequest (app_entitlement_ref_app_id: string, app_entitlement_ref_id: string, app_id: string ...)
C1ApiAppV2AppEntitlementOwnersGetEntitlementOwnerResponse (ContentType: string, GetAppEntitlementEntitlementOwnerResponse: GetAppEntitlementEntitlementOwnerResponse, StatusCode: int32 ...)
 GetAppEntitlementEntitlementOwnerResponse (appEntitlementOwnerEntitlement: AppEntitlementOwnerEntitlement)
C1ApiAppV2AppEntitlementOwnersGetUserOwnerRequest (app_id: string, entitlement_id: string, role_slug: string ...)
C1ApiAppV2AppEntitlementOwnersGetUserOwnerResponse (ContentType: string, GetAppEntitlementUserOwnerResponse: GetAppEntitlementUserOwnerResponse, StatusCode: int32 ...)
 GetAppEntitlementUserOwnerResponse (appEntitlementOwnerUser: AppEntitlementOwnerUser)
C1ApiAppV2AppEntitlementOwnersSearchEntitlementOwnersRequest (app_id: string, entitlement_id: string, page_size: int32 ...)
C1ApiAppV2AppEntitlementOwnersSearchEntitlementOwnersResponse (ContentType: string, SearchAppEntitlementEntitlementOwnersResponse: SearchAppEntitlementEntitlementOwnersResponse, StatusCode: int32 ...)
 SearchAppEntitlementEntitlementOwnersResponse (list: array, nextPageToken: string)
C1ApiAppV2AppEntitlementOwnersSearchUserOwnersRequest (app_id: string, entitlement_id: string, page_size: int32 ...)
C1ApiAppV2AppEntitlementOwnersSearchUserOwnersResponse (ContentType: string, SearchAppEntitlementUserOwnersResponse: SearchAppEntitlementUserOwnersResponse, StatusCode: int32 ...)
 SearchAppEntitlementUserOwnersResponse (list: array, nextPageToken: string)
C1ApiAppV2AppEntitlementOwnersSetRequest (SetAppEntitlementOwnersRequestV2: SetAppEntitlementOwnersRequestV2, app_id: string, entitlement_id: string)
 SetAppEntitlementOwnersRequestV2 (appEntitlementRefs: array, roleSlug: string, userRefs: array)
C1ApiAppV2AppEntitlementOwnersSetResponse (ContentType: string, SetAppEntitlementOwnersResponseV2: SetAppEntitlementOwnersResponseV2, StatusCode: int32 ...)
 SetAppEntitlementOwnersResponseV2 (empty)
AppOwnersV2 (SDK empty)
C1ApiAppV2AppOwnersCreateEntitlementOwnerRequest (CreateAppEntitlementOwnerRequest: CreateAppEntitlementOwnerRequest, app_entitlement_ref_app_id: string, app_entitlement_ref_id: string ...)
 CreateAppEntitlementOwnerRequest (appEntitlementRef: AppEntitlementRef)
C1ApiAppV2AppOwnersCreateEntitlementOwnerResponse (ContentType: string, CreateAppEntitlementOwnerResponse: CreateAppEntitlementOwnerResponse, StatusCode: int32 ...)
 CreateAppEntitlementOwnerResponse (appOwnerEntitlement: AppOwnerEntitlement)
  AppOwnerEntitlement (appEntitlement: AppEntitlement, appId: string, createdAt: date-time ...)
C1ApiAppV2AppOwnersCreateUserOwnerRequest (CreateAppUserOwnerRequest: CreateAppUserOwnerRequest, app_id: string, role_slug: string ...)
 CreateAppUserOwnerRequest (userRef: UserRef)
C1ApiAppV2AppOwnersCreateUserOwnerResponse (ContentType: string, CreateAppUserOwnerResponse: CreateAppUserOwnerResponse, StatusCode: int32 ...)
 CreateAppUserOwnerResponse (appOwnerUser: AppOwnerUser)
  AppOwnerUser (appId: string, createdAt: date-time, roleSlug: string ...)
C1ApiAppV2AppOwnersDeleteEntitlementOwnerRequest (DeleteAppEntitlementOwnerRequest: DeleteAppEntitlementOwnerRequest, app_entitlement_ref_app_id: string, app_entitlement_ref_id: string ...)
 DeleteAppEntitlementOwnerRequest (appEntitlementRef: AppEntitlementRef)
C1ApiAppV2AppOwnersDeleteEntitlementOwnerResponse (ContentType: string, DeleteAppEntitlementOwnerResponse: DeleteAppEntitlementOwnerResponse, StatusCode: int32 ...)
 DeleteAppEntitlementOwnerResponse (empty)
C1ApiAppV2AppOwnersDeleteUserOwnerRequest (DeleteAppUserOwnerRequest: DeleteAppUserOwnerRequest, app_id: string, role_slug: string ...)
 DeleteAppUserOwnerRequest (userRef: UserRef)
C1ApiAppV2AppOwnersDeleteUserOwnerResponse (ContentType: string, DeleteAppUserOwnerResponse: DeleteAppUserOwnerResponse, StatusCode: int32 ...)
 DeleteAppUserOwnerResponse (empty)
C1ApiAppV2AppOwnersGetEntitlementOwnerRequest (app_entitlement_ref_app_id: string, app_entitlement_ref_id: string, app_id: string ...)
C1ApiAppV2AppOwnersGetEntitlementOwnerResponse (ContentType: string, GetAppEntitlementOwnerResponse: GetAppEntitlementOwnerResponse, StatusCode: int32 ...)
 GetAppEntitlementOwnerResponse (appOwnerEntitlement: AppOwnerEntitlement)
C1ApiAppV2AppOwnersGetUserOwnerRequest (app_id: string, role_slug: string, user_ref_id: string)
C1ApiAppV2AppOwnersGetUserOwnerResponse (ContentType: string, GetAppUserOwnerResponse: GetAppUserOwnerResponse, StatusCode: int32 ...)
 GetAppUserOwnerResponse (appOwnerUser: AppOwnerUser)
C1ApiAppV2AppOwnersSearchEntitlementOwnersRequest (app_id: string, page_size: int32, page_token: string ...)
C1ApiAppV2AppOwnersSearchEntitlementOwnersResponse (ContentType: string, SearchAppEntitlementOwnersResponse: SearchAppEntitlementOwnersResponse, StatusCode: int32 ...)
 SearchAppEntitlementOwnersResponse (list: array, nextPageToken: string)
C1ApiAppV2AppOwnersSearchUserOwnersRequest (app_id: string, page_size: int32, page_token: string ...)
C1ApiAppV2AppOwnersSearchUserOwnersResponse (ContentType: string, SearchAppUserOwnersResponse: SearchAppUserOwnersResponse, StatusCode: int32 ...)
 SearchAppUserOwnersResponse (list: array, nextPageToken: string)
C1ApiAppV2AppOwnersSetRequest (SetAppOwnersRequestV2: SetAppOwnersRequestV2, app_id: string)
 SetAppOwnersRequestV2 (appEntitlementRefs: array, roleSlug: string, userRefs: array)
C1ApiAppV2AppOwnersSetResponse (ContentType: string, SetAppOwnersResponseV2: SetAppOwnersResponseV2, StatusCode: int32 ...)
 SetAppOwnersResponseV2 (empty)
AppResourceOwnersV2 (SDK empty)
C1ApiAppV2AppResourceOwnersV2CreateEntitlementOwnerRequest (CreateAppResourceEntitlementOwnerRequest: CreateAppResourceEntitlementOwnerRequest, app_entitlement_ref_app_id: string, app_entitlement_ref_id: string ...)
 CreateAppResourceEntitlementOwnerRequest (appEntitlementRef: AppEntitlementRef)
C1ApiAppV2AppResourceOwnersV2CreateEntitlementOwnerResponse (ContentType: string, CreateAppResourceEntitlementOwnerResponse: CreateAppResourceEntitlementOwnerResponse, StatusCode: int32 ...)
 CreateAppResourceEntitlementOwnerResponse (appResourceOwnerEntitlement: AppResourceOwnerEntitlement)
  AppResourceOwnerEntitlement (appEntitlement: AppEntitlement, appId: string, createdAt: date-time ...)
C1ApiAppV2AppResourceOwnersV2CreateUserOwnerRequest (CreateAppResourceUserOwnerRequest: CreateAppResourceUserOwnerRequest, app_id: string, resource_id: string ...)
 CreateAppResourceUserOwnerRequest (userRef: UserRef)
C1ApiAppV2AppResourceOwnersV2CreateUserOwnerResponse (ContentType: string, CreateAppResourceUserOwnerResponse: CreateAppResourceUserOwnerResponse, StatusCode: int32 ...)
 CreateAppResourceUserOwnerResponse (appResourceOwnerUser: AppResourceOwnerUser)
  AppResourceOwnerUser (appId: string, createdAt: date-time, resourceId: string ...)
C1ApiAppV2AppResourceOwnersV2DeleteEntitlementOwnerRequest (DeleteAppResourceEntitlementOwnerRequest: DeleteAppResourceEntitlementOwnerRequest, app_entitlement_ref_app_id: string, app_entitlement_ref_id: string ...)
 DeleteAppResourceEntitlementOwnerRequest (appEntitlementRef: AppEntitlementRef)
C1ApiAppV2AppResourceOwnersV2DeleteEntitlementOwnerResponse (ContentType: string, DeleteAppResourceEntitlementOwnerResponse: DeleteAppResourceEntitlementOwnerResponse, StatusCode: int32 ...)
 DeleteAppResourceEntitlementOwnerResponse (empty)
C1ApiAppV2AppResourceOwnersV2DeleteUserOwnerRequest (DeleteAppResourceUserOwnerRequest: DeleteAppResourceUserOwnerRequest, app_id: string, resource_id: string ...)
 DeleteAppResourceUserOwnerRequest (userRef: UserRef)
C1ApiAppV2AppResourceOwnersV2DeleteUserOwnerResponse (ContentType: string, DeleteAppResourceUserOwnerResponse: DeleteAppResourceUserOwnerResponse, StatusCode: int32 ...)
 DeleteAppResourceUserOwnerResponse (empty)
C1ApiAppV2AppResourceOwnersV2GetEntitlementOwnerRequest (app_entitlement_ref_app_id: string, app_entitlement_ref_id: string, app_id: string ...)
C1ApiAppV2AppResourceOwnersV2GetEntitlementOwnerResponse (ContentType: string, GetAppResourceEntitlementOwnerResponse: GetAppResourceEntitlementOwnerResponse, StatusCode: int32 ...)
 GetAppResourceEntitlementOwnerResponse (appResourceOwnerEntitlement: AppResourceOwnerEntitlement)
C1ApiAppV2AppResourceOwnersV2GetUserOwnerRequest (app_id: string, resource_id: string, resource_type_id: string ...)
C1ApiAppV2AppResourceOwnersV2GetUserOwnerResponse (ContentType: string, GetAppResourceUserOwnerResponse: GetAppResourceUserOwnerResponse, StatusCode: int32 ...)
 GetAppResourceUserOwnerResponse (appResourceOwnerUser: AppResourceOwnerUser)
C1ApiAppV2AppResourceOwnersV2SearchEntitlementOwnersRequest (app_id: string, page_size: int32, page_token: string ...)
C1ApiAppV2AppResourceOwnersV2SearchEntitlementOwnersResponse (ContentType: string, SearchAppResourceEntitlementOwnersResponse: SearchAppResourceEntitlementOwnersResponse, StatusCode: int32 ...)
 SearchAppResourceEntitlementOwnersResponse (list: array, nextPageToken: string)
C1ApiAppV2AppResourceOwnersV2SearchUserOwnersRequest (app_id: string, page_size: int32, page_token: string ...)
C1ApiAppV2AppResourceOwnersV2SearchUserOwnersResponse (ContentType: string, SearchAppResourceUserOwnersResponse: SearchAppResourceUserOwnersResponse, StatusCode: int32 ...)
 SearchAppResourceUserOwnersResponse (list: array, nextPageToken: string)
C1ApiAppV2AppResourceOwnersV2SetRequest (SetAppResourceOwnersV2Request: SetAppResourceOwnersV2Request, app_id: string, resource_id: string ...)
 SetAppResourceOwnersV2Request (appEntitlementRefs: array, roleSlug: string, userRefs: array)
C1ApiAppV2AppResourceOwnersV2SetResponse (ContentType: string, SetAppResourceOwnersV2Response: SetAppResourceOwnersV2Response, StatusCode: int32 ...)
 SetAppResourceOwnersV2Response (empty)
AppUserOwnersV2 (SDK empty)
C1ApiAppV2AppUserOwnersV2CreateEntitlementOwnerRequest (CreateAppUserEntitlementOwnerRequest: CreateAppUserEntitlementOwnerRequest, app_entitlement_ref_app_id: string, app_entitlement_ref_id: string ...)
 CreateAppUserEntitlementOwnerRequest (appEntitlementRef: AppEntitlementRef)
C1ApiAppV2AppUserOwnersV2CreateEntitlementOwnerResponse (ContentType: string, CreateAppUserEntitlementOwnerResponse: CreateAppUserEntitlementOwnerResponse, StatusCode: int32 ...)
 CreateAppUserEntitlementOwnerResponse (appUserOwnerEntitlement: AppUserOwnerEntitlement)
  AppUserOwnerEntitlement (appEntitlement: AppEntitlement, appId: string, createdAt: date-time ...)
C1ApiAppV2AppUserOwnersV2CreateUserOwnerRequest (CreateAppUserUserOwnerRequest: CreateAppUserUserOwnerRequest, app_id: string, role_slug: string ...)
 CreateAppUserUserOwnerRequest (userRef: UserRef)
C1ApiAppV2AppUserOwnersV2CreateUserOwnerResponse (ContentType: string, CreateAppUserUserOwnerResponse: CreateAppUserUserOwnerResponse, StatusCode: int32 ...)
 CreateAppUserUserOwnerResponse (appUserOwnerUser: AppUserOwnerUser)
  AppUserOwnerUser (appId: string, createdAt: date-time, roleSlug: string ...)
C1ApiAppV2AppUserOwnersV2DeleteEntitlementOwnerRequest (DeleteAppUserEntitlementOwnerRequest: DeleteAppUserEntitlementOwnerRequest, app_entitlement_ref_app_id: string, app_entitlement_ref_id: string ...)
 DeleteAppUserEntitlementOwnerRequest (appEntitlementRef: AppEntitlementRef)
C1ApiAppV2AppUserOwnersV2DeleteEntitlementOwnerResponse (ContentType: string, DeleteAppUserEntitlementOwnerResponse: DeleteAppUserEntitlementOwnerResponse, StatusCode: int32 ...)
 DeleteAppUserEntitlementOwnerResponse (empty)
C1ApiAppV2AppUserOwnersV2DeleteUserOwnerRequest (DeleteAppUserUserOwnerRequest: DeleteAppUserUserOwnerRequest, app_id: string, role_slug: string ...)
 DeleteAppUserUserOwnerRequest (userRef: UserRef)
C1ApiAppV2AppUserOwnersV2DeleteUserOwnerResponse (ContentType: string, DeleteAppUserUserOwnerResponse: DeleteAppUserUserOwnerResponse, StatusCode: int32 ...)
 DeleteAppUserUserOwnerResponse (empty)
C1ApiAppV2AppUserOwnersV2SearchEntitlementOwnersRequest (app_id: string, page_size: int32, page_token: string ...)
C1ApiAppV2AppUserOwnersV2SearchEntitlementOwnersResponse (ContentType: string, SearchAppUserEntitlementOwnersResponse: SearchAppUserEntitlementOwnersResponse, StatusCode: int32 ...)
 SearchAppUserEntitlementOwnersResponse (list: array, nextPageToken: string)
C1ApiAppV2AppUserOwnersV2SearchUserOwnersRequest (app_id: string, page_size: int32, page_token: string ...)
C1ApiAppV2AppUserOwnersV2SearchUserOwnersResponse (ContentType: string, SearchAppUserUserOwnersResponse: SearchAppUserUserOwnersResponse, StatusCode: int32 ...)
 SearchAppUserUserOwnersResponse (list: array, nextPageToken: string)
C1ApiAppV2AppUserOwnersV2SetRequest (SetAppUserOwnersV2Request: SetAppUserOwnersV2Request, app_id: string, user_id: string)
 SetAppUserOwnersV2Request (appEntitlementRefs: array, roleSlug: string, userRefs: array)
C1ApiAppV2AppUserOwnersV2SetResponse (ContentType: string, SetAppUserOwnersV2Response: SetAppUserOwnersV2Response, StatusCode: int32 ...)
 SetAppUserOwnersV2Response (empty)
UserOwnersV2 (SDK empty)
C1ApiUserV2UserOwnersV2CreateEntitlementOwnerRequest (CreateUserEntitlementOwnerRequest: CreateUserEntitlementOwnerRequest, app_entitlement_ref_app_id: string, app_entitlement_ref_id: string ...)
 CreateUserEntitlementOwnerRequest (appEntitlementRef: AppEntitlementRef)
C1ApiUserV2UserOwnersV2CreateEntitlementOwnerResponse (ContentType: string, CreateUserEntitlementOwnerResponse: CreateUserEntitlementOwnerResponse, StatusCode: int32 ...)
 CreateUserEntitlementOwnerResponse (userOwnerEntitlement: UserOwnerEntitlement)
  UserOwnerEntitlement (appEntitlement: AppEntitlement, createdAt: date-time, roleSlug: string ...)
C1ApiUserV2UserOwnersV2CreateUserOwnerRequest (CreateUserUserOwnerRequest: CreateUserUserOwnerRequest, role_slug: string, user_id: string ...)
 CreateUserUserOwnerRequest (userRef: UserRef)
C1ApiUserV2UserOwnersV2CreateUserOwnerResponse (ContentType: string, CreateUserUserOwnerResponse: CreateUserUserOwnerResponse, StatusCode: int32 ...)
 CreateUserUserOwnerResponse (userOwnerUser: UserOwnerUser)
  UserOwnerUser (createdAt: date-time, roleSlug: string, user: User ...)
C1ApiUserV2UserOwnersV2DeleteEntitlementOwnerRequest (DeleteUserEntitlementOwnerRequest: DeleteUserEntitlementOwnerRequest, app_entitlement_ref_app_id: string, app_entitlement_ref_id: string ...)
 DeleteUserEntitlementOwnerRequest (appEntitlementRef: AppEntitlementRef)
C1ApiUserV2UserOwnersV2DeleteEntitlementOwnerResponse (ContentType: string, DeleteUserEntitlementOwnerResponse: DeleteUserEntitlementOwnerResponse, StatusCode: int32 ...)
 DeleteUserEntitlementOwnerResponse (empty)
C1ApiUserV2UserOwnersV2DeleteUserOwnerRequest (DeleteUserUserOwnerRequest: DeleteUserUserOwnerRequest, role_slug: string, user_id: string ...)
 DeleteUserUserOwnerRequest (userRef: UserRef)
C1ApiUserV2UserOwnersV2DeleteUserOwnerResponse (ContentType: string, DeleteUserUserOwnerResponse: DeleteUserUserOwnerResponse, StatusCode: int32 ...)
 DeleteUserUserOwnerResponse (empty)
C1ApiUserV2UserOwnersV2SearchEntitlementOwnersRequest (page_size: int32, page_token: string, role_slug: string ...)
C1ApiUserV2UserOwnersV2SearchEntitlementOwnersResponse (ContentType: string, SearchUserEntitlementOwnersResponse: SearchUserEntitlementOwnersResponse, StatusCode: int32 ...)
 SearchUserEntitlementOwnersResponse (list: array, nextPageToken: string)
C1ApiUserV2UserOwnersV2SearchUserOwnersRequest (page_size: int32, page_token: string, role_slug: string ...)
C1ApiUserV2UserOwnersV2SearchUserOwnersResponse (ContentType: string, SearchUserOwnersResponse: SearchUserOwnersResponse, StatusCode: int32 ...)
 SearchUserOwnersResponse (list: array, nextPageToken: string)
C1ApiUserV2UserOwnersV2SetRequest (SetUserOwnersV2Request: SetUserOwnersV2Request, user_id: string)
 SetUserOwnersV2Request (appEntitlementRefs: array, roleSlug: string, userRefs: array)
C1ApiUserV2UserOwnersV2SetResponse (ContentType: string, SetUserOwnersV2Response: SetUserOwnersV2Response, StatusCode: int32 ...)
 SetUserOwnersV2Response (empty)
Body (callbackUrl: string, event: string, payload: class ...)
 Payload (@type: string, AdditionalProperties: map)
PayloadPolicyApprovalStep (expanded: array, taskView: TaskView)
  PayloadPolicyApprovalStepExpanded (@type: string, AdditionalProperties: map)
PayloadPolicyPostAction (expanded: array, taskView: TaskView)
  PayloadPolicyPostActionExpanded (@type: string, AdditionalProperties: map)
PayloadProvisionStep (expanded: array, taskView: TaskView)
  PayloadProvisionStepExpanded (@type: string, AdditionalProperties: map)
PayloadTest (empty)
PayloadWorkflowStep (context: map, workflowExecutionId: integer, workflowExecutionStepId: string ...)
ResponsePolicyApprovalStep (approve: ResponsePolicyApprovalStepApprove, deny: ResponsePolicyApprovalStepDeny, reassign: ResponsePolicyApprovalStepReassign ...)
 ResponsePolicyApprovalStepApprove (comment: string)
 ResponsePolicyApprovalStepDeny (comment: string)
 ResponsePolicyApprovalStepReassign (comment: string, newStepUserIds: array)
 ResponsePolicyApprovalReplacePolicy (comment: string, policySteps: array)
ResponsePolicyPostAction (version: string)
ResponseProvisionStep (complete: ResponseProvisionStepComplete, errored: ResponseProvisionStepErrored, version: string)
 ResponseProvisionStepComplete (comment: string)
 ResponseProvisionStepErrored (comment: string)
ResponseTest (version: string)
ResponseWorkflowStep (context: map, version: string)

